Speccode,Group,Type,Season,All_Bio_SUM_m3,All_Den_SUM_m3,All_Bio_SUM_m2,All_Bio_MEAN_m3,All_Den_MEAN_m3,All_Bio_MEAN_m2,All_Bio_SD_m3,All_Den_SD_m3,All_Bio_SD_m2,N,All_Bio_SE_m3,All_Den_SE_m3,All_Bio_SE_m2
ALOSP,NDAP,NS,Spring,0,0,0,0,0,0,0,0,0,9,0,0,0
ALOSP,NDAP,NS,Summer,0.07204142613554053,18.3819830505403,1.4408285227108106,0.005541648164272348,1.4139986961954076,1.4408285227108106,0.01998069660686484,5.09824480257177,1.4408285227108106,13,0.005541648164272348,1.4139986961954079,0.39961393213729685
ALOSP,NDAP,OS,Spring,0.008634788217645979,1.01747241613032,0.17269576435291958,0.0010793485272057473,0.12718405201629,0.17269576435291958,0.0030528586514035868,0.359730822558005,0.17269576435291958,8,0.0010793485272057473,0.12718405201629,0.06105717302807174
ALOSP,NDAP,OS,Summer,0,0,0,0,0,0,0,0,0,8,0,0,0
ASCECAU,ROT,NS,Spring,0,0,0,0,0,0,0,0,0,9,0,0,0
ASCECAU,ROT,NS,Summer,0.6765907119623078,3007.580977033721,13.531814239246156,0.052045439381715984,231.35238284874777,13.531814239246156,0.0956007262062646,327.7235429686458,13.531814239246156,13,0.02651487079294469,90.89415679616756,3.753050006896596
ASCECAU,ROT,OS,Spring,0,0,0,0,0,0,0,0,0,8,0,0,0
ASCECAU,ROT,OS,Summer,2.0185786430321206,5287.63273519235,40.37157286064242,0.2523223303790151,660.9540918990438,40.37157286064242,0.5169656294472064,1331.7579091674831,40.37157286064242,8,0.18277495111124578,470.84752423557273,14.273506468463518
ASCOVAL,ROT,NS,Spring,0,0,0,0,0,0,0,0,0,9,0,0,0
ASCOVAL,ROT,NS,Summer,11.572165970662908,82307.63411218418,231.44331941325817,0.890166613127916,6331.356470168014,231.44331941325817,0.9232859873131909,6280.682698786307,231.44331941325817,13,0.2560734591673157,1741.947962722583,64.19082734677635
ASCOVAL,ROT,OS,Spring,0,0,0,0,0,0,0,0,0,8,0,0,0
ASCOVAL,ROT,OS,Summer,3.436512979142279,23717.294615062256,68.73025958284556,0.42956412239278485,2964.661826882782,68.73025958284556,0.2942577715993087,1980.165949267612,68.73025958284556,8,0.10403583285735672,700.0943853009127,24.29981631187089
ASPHERR,ROT,NS,Spring,0,0,0,0,0,0,0,0,0,9,0,0,0
ASPHERR,ROT,NS,Summer,71.2728176338644,2385.276695133241,1425.456352677288,5.482524433374184,183.482822702557,1425.456352677288,10.662371419527085,353.81516746224713,1425.456352677288,13,2.9572097593189746,98.1306714093854,395.3504592702955
ASPHERR,ROT,OS,Spring,0,0,0,0,0,0,0,0,0,8,0,0,0
ASPHERR,ROT,OS,Summer,53.78961995688445,1661.36880613122,1075.792399137689,6.723702494610556,207.6711007664025,1075.792399137689,19.01750251448012,587.3825744335921,1075.792399137689,8,6.7237024946105555,207.67110076640247,380.3500502896024
ASPPRIO,ROT,NS,Spring,0,0,0,0,0,0,0,0,0,9,0,0,0
ASPPRIO,ROT,NS,Summer,346.82373541554983,15647.217909127497,6936.474708310997,26.678748878119215,1203.6321468559613,6936.474708310997,28.67698677206076,1333.6994694324467,6936.474708310997,13,7.953565094805202,369.9016786998311,1923.8319409057247
ASPPRIO,ROT,OS,Spring,0,0,0,0,0,0,0,0,0,8,0,0,0
ASPPRIO,ROT,OS,Summer,256.82177084138624,10057.568509402372,5136.435416827724,32.10272135517328,1257.1960636752965,5136.435416827724,34.00704960453865,1468.2716475245813,5136.435416827724,8,12.023307691758289,519.1124192942879,1816.0041571828172
BOSLONG,NDAP,NS,Spring,1.0477436886548184,123.81006967125563,28.563702664670373,0.11641596540609092,13.756674407917293,28.563702664670373,0.12380087347924802,14.25198810328718,28.563702664670373,9,0.041266957826416005,4.7506627010957265,9.52123422155679
BOSLONG,NDAP,NS,Summer,908.6685270504713,75607.55357779829,18173.370541009423,69.8975790038824,5815.965659830637,18173.370541009423,73.11932348069884,5091.929979788218,18173.370541009423,13,20.279651541299824,1412.2472794768257,5040.386102585862
BOSLONG,NDAP,OS,Spring,2.097582049739606,171.23058442598023,41.951640994792115,0.26219775621745073,21.403823053247528,41.951640994792115,0.3416099511862253,28.398585051898294,41.951640994792115,8,0.12077735650229268,10.040416033150102,14.832144914660532
BOSLONG,NDAP,OS,Summer,619.8435273358219,47254.63193648524,12396.870546716438,77.48044091697774,5906.828992060655,12396.870546716438,96.50557483330064,5928.579064906623,12396.870546716438,8,34.11987319346635,2096.0692297980368,4382.955614537488
BRACALC,ROT,NS,Spring,0.05324655183095035,15.7293259584723,2.768820695209418,0.005916283536772262,1.7477028842747,2.768820695209418,0.017748850610316783,5.2431086528241,2.768820695209418,9,0.005916283536772261,1.7477028842747,0.9229402317364727
BRACALC,ROT,NS,Summer,0,0,0,0,0,0,0,0,0,13,0,0,0
BRACALC,ROT,OS,Spring,0,0,0,0,0,0,0,0,0,8,0,0,0
BRACALC,ROT,OS,Summer,0,0,0,0,0,0,0,0,0,8,0,0,0
BYTLONG,PRED,NS,Spring,0,0,0,0,0,0,0,0,0,9,0,0,0
BYTLONG,PRED,NS,Summer,281.8065737939957,756.5105181686469,5636.131475879914,21.677428753384284,58.1931167822036,5636.131475879914,44.93913009886225,181.34029691050347,5636.131475879914,13,12.463872142014996,50.2947491398988,1563.1816178108895
BYTLONG,PRED,OS,Spring,0,0,0,0,0,0,0,0,0,8,0,0,0
BYTLONG,PRED,OS,Summer,110.03373958758554,55.13157697380139,2200.674791751711,13.754217448448193,6.891447121725173,2200.674791751711,15.56029221202859,7.587547443866484,2200.674791751711,8,5.50139407018482,2.6826031250663225,778.056034216964
CECPENG,PRED,NS,Spring,0,0,0,0,0,0,0,0,0,9,0,0,0
CECPENG,PRED,NS,Summer,44.79697394999352,2228.201565906171,895.9394789998703,3.4459210730764247,171.40012045432084,895.9394789998703,5.5607351932574645,324.21538592489964,895.9394789998703,13,1.5422704514282266,89.92116909589011,248.4889024035788
CECPENG,PRED,OS,Spring,0,0,0,0,0,0,0,0,0,8,0,0,0
CECPENG,PRED,OS,Summer,54.61129322461645,1555.2496425675533,1092.225864492329,6.826411653077057,194.40620532094417,1092.225864492329,6.254079477178272,181.4172776599459,1092.225864492329,8,2.2111510041961866,64.14069362887525,386.16015768493247
CEPSP,ROT,NS,Spring,0.0030880619871394917,3.79853650701943,0.05233640915544774,3.431179985710546e-4,0.4220596118910478,0.05233640915544774,8.559808308917118e-4,1.0075500972869393,0.05233640915544774,9,2.8532694363057057e-4,0.33585003242897976,0.01744546971848258
CEPSP,ROT,NS,Summer,0,0,0,0,0,0,0,0,0,13,0,0,0
CEPSP,ROT,OS,Spring,0,0,0,0,0,0,0,0,0,8,0,0,0
CEPSP,ROT,OS,Summer,0,0,0,0,0,0,0,0,0,8,0,0,0
CERLACU,NDAP,NS,Spring,0,0,0,0,0,0,0,0,0,9,0,0,0
CERLACU,NDAP,NS,Summer,0,0,0,0,0,0,0,0,0,13,0,0,0
CERLACU,NDAP,OS,Spring,0,0,0,0,0,0,0,0,0,8,0,0,0
CERLACU,NDAP,OS,Summer,1.6407916004353957,88.057110492633,32.815832008707915,0.20509895005442447,11.007138811579125,32.815832008707915,0.3962725782421462,17.855024234363494,32.815832008707915,8,0.14010351363664914,6.312704357184285,11.602148671817964
CERSP,NDAP,NS,Spring,0,0,0,0,0,0,0,0,0,9,0,0,0
CERSP,NDAP,NS,Summer,1.5548783035570182,183.2402104926327,31.097566071140363,0.11960602335053985,14.095400807125593,31.097566071140363,0.19202163702675554,24.027112301681246,31.097566071140363,13,0.05325721986911551,6.663921954234102,8.624913000894294
CERSP,NDAP,OS,Spring,0,0,0,0,0,0,0,0,0,8,0,0,0
CERSP,NDAP,OS,Summer,0.026640859753026547,9.49735790944581,0.5328171950605309,0.0033301074691283183,1.1871697386807263,0.5328171950605309,0.009418966294002422,3.3578230905624125,0.5328171950605309,8,0.0033301074691283183,1.1871697386807263,0.1883793258800484
CHYSPHA,NDAP,NS,Spring,0,0,0,0,0,0,0,0,0,9,0,0,0
CHYSPHA,NDAP,NS,Summer,0,0,0,0,0,0,0,0,0,13,0,0,0
CHYSPHA,NDAP,OS,Spring,0,0,0,0,0,0,0,0,0,8,0,0,0
CHYSPHA,NDAP,OS,Summer,0.7677723275072447,85.6099867893707,15.355446550144894,0.09597154093840558,10.701248348671337,15.355446550144894,0.2714485095938758,30.267701098027384,15.355446550144894,8,0.09597154093840558,10.701248348671337,5.428970191877515
COLSP,ROT,NS,Spring,0.002171817814411073,10.52384086001524,0.12015178983155198,2.4131309049011917e-4,1.1693156511128044,0.12015178983155198,5.221785131009119e-4,2.631728565198694,0.12015178983155198,9,1.7405950436697064e-4,0.8772428550662313,0.040050596610517325
COLSP,ROT,NS,Summer,4.634148689187641,37651.75809227853,92.68297378375281,0.356472976091357,2896.2890840214254,92.68297378375281,0.2827277940083282,1805.8739735301172,92.68297378375281,13,0.07841458140737291,500.8593237375951,25.705631872292727
COLSP,ROT,OS,Spring,0.058914452199999995,264.53176399,1.178289044,0.007364306524999999,33.06647049875,1.178289044,0.0078087141424795815,50.25783564631739,1.178289044,8,0.002760797361247304,17.76882819663501,0.4165880866051071
COLSP,ROT,OS,Summer,11.2369413729902,56030.259643594276,224.738827459804,1.404617671623775,7003.7824554492845,224.738827459804,1.3955935028321131,7036.526667155173,224.738827459804,8,0.49341681481623717,2487.787861172699,79.45717444637044
COOUNIC,ROT,NS,Spring,0.004254358858400456,25.51217735185012,0.07766087460691865,4.7270653982227297e-4,2.8346863724277913,0.07766087460691865,9.416550582895355e-4,5.393917213255292,0.07766087460691865,9,3.138850194298452e-4,1.7979724044184306,0.025886958202306215
COOUNIC,ROT,NS,Summer,111.29859008630052,778675.3694539317,2225.97180172601,8.561430006638501,59898.10534261013,2225.97180172601,7.696833588975731,59939.60397149288,2225.97180172601,13,2.1347175510588863,16624.25504232481,617.3734976046223
COOUNIC,ROT,OS,Spring,0.0014659563000000001,15.26208625,0.029319126,1.8324453750000002e-4,1.90776078125,0.029319126,3.393231483205814e-4,3.6254626167362307,0.029319126,8,1.1996884959552588e-4,1.2817946006162568,0.010365876406531407
COOUNIC,ROT,OS,Summer,154.66551277683308,769306.8041684818,3093.3102555366618,19.333189097104135,96163.35052106023,3093.3102555366618,13.019150916299,65079.01371409865,3093.3102555366618,8,4.602964949103038,23008.90595508574,1093.6503290019327
COPNAUP,NAU,NS,Spring,11.124653020814469,16196.519838607766,312.63657620759665,1.2360725578682743,1799.613315400863,312.63657620759665,2.01191217319644,3110.8002776877042,312.63657620759665,9,0.67063739106548,1036.9334258959013,104.21219206919888
COPNAUP,NAU,NS,Summer,295.87477260834487,305019.96390043106,5917.495452166897,22.759597892949603,23463.074146187006,5917.495452166897,24.489495340119028,25732.705789998385,5917.495452166897,13,6.7921639353104295,7136.968475559097,1641.2179442394395
COPNAUP,NAU,OS,Spring,19.38450595,8892.506381,387.690119,2.42306324375,1111.563297625,387.690119,1.7252407667799539,553.4020255801404,387.690119,8,0.6099647226847921,195.65716250504423,137.06915607195978
COPNAUP,NAU,OS,Summer,233.62120971850084,226780.21894133615,4672.424194370016,29.202651214812605,28347.52736766702,4672.424194370016,26.81516856701927,26682.60835882137,4672.424194370016,8,9.48059376619984,9433.726655133722,1651.9514162095647
COUSP,ROT,NS,Spring,0.0026076811256230703,18.701362601630198,0.039921357414472974,2.897423472914522e-4,2.077929177958911,0.039921357414472974,7.036808617810373e-4,5.514362344399155,0.039921357414472974,9,2.3456028726034578e-4,1.838120781466385,0.013307119138157658
COUSP,ROT,NS,Summer,0,0,0,0,0,0,0,0,0,13,0,0,0
COUSP,ROT,OS,Spring,0,0,0,0,0,0,0,0,0,8,0,0,0
COUSP,ROT,OS,Summer,0,0,0,0,0,0,0,0,0,8,0,0,0
CYCCOPE,CYC,NS,Spring,48.24890641049123,3063.9535757093654,2247.241566396581,5.360989601165692,340.4392861899295,2247.241566396581,6.279932452736726,345.3917408949296,2247.241566396581,9,2.093310817578909,115.13058029830988,749.0805221321938
CYCCOPE,CYC,NS,Summer,354.7669435678006,53420.20146208848,7095.338871356012,27.289764889830817,4109.246266314499,7095.338871356012,39.26549478225482,5139.786124352318,7095.338871356012,13,10.89028883029873,1425.5201858669705,1967.8929321128378
CYCCOPE,CYC,OS,Spring,105.66898776332928,6025.739610786462,2113.3797552665856,13.20862347041616,753.2174513483078,2113.3797552665856,10.982144082686641,766.4054119362291,2113.3797552665856,8,3.88277427641772,270.9652319590885,747.1925780856844
CYCCOPE,CYC,OS,Summer,327.5067116120651,50620.91990672957,6550.134232241302,40.938338951508136,6327.614988341196,6550.134232241302,50.75377685215425,6528.376748076218,6550.134232241302,8,17.944169891493548,2308.1297343526376,2315.822166649982
DAPAMBI,DAP,NS,Spring,0,0,0,0,0,0,0,0,0,9,0,0,0
DAPAMBI,DAP,NS,Summer,0,0,0,0,0,0,0,0,0,13,0,0,0
DAPAMBI,DAP,OS,Spring,0,0,0,0,0,0,0,0,0,8,0,0,0
DAPAMBI,DAP,OS,Summer,9.779843617066208,127.85035103767339,195.59687234132417,1.222480452133276,15.981293879709174,195.59687234132417,3.080943069985104,33.20238117562376,195.59687234132417,8,1.0892778686180833,11.738814440412067,69.15393740571488
DAPGALEM,DAP,NS,Spring,2.18040566707787,58.673400544149516,27.11682674042564,0.24226729634198557,6.519266727127723,27.11682674042564,0.6979051483708183,16.461745531437032,27.11682674042564,9,0.23263504945693944,5.48724851047901,9.038942246808547
DAPGALEM,DAP,NS,Summer,562.5287483977062,15009.222542136227,11250.574967954122,43.27144218443893,1154.5555801643252,11250.574967954122,58.57358028505792,1243.9723236790744,11250.574967954122,13,16.24538823886792,345.0158460217684,3120.3480711854013
DAPGALEM,DAP,OS,Spring,0.027097359568768457,3.5729436072483596,0.5419471913753692,0.003387169946096057,0.44661795090604495,0.5419471913753692,0.006275818345886494,0.8316889766775845,0.5419471913753692,8,0.0022188368549356406,0.29404645762341014,0.19160726703326358
DAPGALEM,DAP,OS,Summer,489.9713217419277,10076.915115154818,9799.426434838555,61.24641521774096,1259.6143893943522,9799.426434838555,63.180694192724054,1104.022675816667,9799.426434838555,8,22.33774865187435,390.3309603268413,3464.6204419065275
DAPRETR,DAP,NS,Spring,0,0,0,0,0,0,0,0,0,9,0,0,0
DAPRETR,DAP,NS,Summer,210.2381610420681,9421.452694837973,4204.7632208413625,16.17216623400524,724.7271303721518,4204.7632208413625,39.318106592055045,1825.708497173218,4204.7632208413625,13,10.904880720908704,506.3604308160261,1166.191491840665
DAPRETR,DAP,OS,Spring,0,0,0,0,0,0,0,0,0,8,0,0,0
DAPRETR,DAP,OS,Summer,387.7134739990032,15771.82237212681,7754.269479980066,48.4641842498754,1971.4777965158512,7754.269479980066,45.188667182749874,1371.1839321212617,7754.269479980066,8,15.976606498852217,484.7867283284894,2741.5482662208938
DAPSP,DAP,NS,Spring,0,0,0,0,0,0,0,0,0,9,0,0,0
DAPSP,DAP,NS,Summer,0,0,0,0,0,0,0,0,0,13,0,0,0
DAPSP,DAP,OS,Spring,0.31039746944156693,29.740996147803145,6.207949388831339,0.038799683680195866,3.717624518475393,6.207949388831339,0.06207031177055645,5.240332066261181,6.207949388831339,8,0.02194516918166182,1.8527371698612967,2.1948415550527614
DAPSP,DAP,OS,Summer,0,0,0,0,0,0,0,0,0,8,0,0,0
DIACOPE,CAL,NS,Spring,4.526633896276218,323.2774486723616,209.90901014056416,0.5029593218084687,35.91971651915129,209.90901014056416,0.6995967872654525,49.96478946640373,209.90901014056416,9,0.23319892908848416,16.654929822134577,69.96967004685472
DIACOPE,CAL,NS,Summer,336.0115754709911,20244.577355377463,6720.231509419822,25.847044266999315,1557.2751811828819,6720.231509419822,22.855290749772426,1611.277947276163,6720.231509419822,13,6.338917131841715,446.88809676373603,1863.8568684770717
DIACOPE,CAL,OS,Spring,15.334211530689297,1017.0800094424172,306.6842306137859,1.916776441336162,127.13500118030215,306.6842306137859,1.7018450444156379,103.94235208582644,306.6842306137859,8,0.6016930857175093,36.74917100618378,108.42924957499349
DIACOPE,CAL,OS,Summer,283.0392707929197,10890.903318335295,5660.785415858393,35.37990884911496,1361.3629147919119,5660.785415858393,23.895535509567154,990.7667566351255,5660.785415858393,8,8.448347599449438,350.2889460954495,2001.38987719769
DIPBIRG,NDAP,NS,Spring,0,0,0,0,0,0,0,0,0,9,0,0,0
DIPBIRG,NDAP,NS,Summer,4.002009572352334,105.22493138494627,80.04019144704668,0.30784689018094874,8.094225491149713,80.04019144704668,0.8734322023070089,13.13299160162362,80.04019144704668,13,0.24224650700456593,3.6424365092224544,22.199154950790852
DIPBIRG,NDAP,OS,Spring,0,0,0,0,0,0,0,0,0,8,0,0,0
DIPBIRG,NDAP,OS,Summer,0,0,0,0,0,0,0,0,0,8,0,0,0
DIYTHOM,CYC,NS,Spring,94.70767507830487,2660.246665236536,2364.253376495138,10.523075008700543,295.58296280405955,2364.253376495138,11.953426543403037,263.25206411280936,2364.253376495138,9,3.984475514467679,87.75068803760313,788.0844588317127
DIYTHOM,CYC,NS,Summer,408.79174750941445,12166.676389019594,8175.834950188289,31.445519039185726,935.8981837707381,8175.834950188289,42.96779459897502,1329.6970158629927,8175.834950188289,13,11.917122047708393,368.7915978096518,2267.568625587265
DIYTHOM,CYC,OS,Spring,58.65219169211103,1519.8697780184361,1173.0438338422207,7.331523961513879,189.98372225230452,1173.0438338422207,9.071705669743375,204.84422136880522,1173.0438338422207,8,3.2073322980019956,72.42336900838022,414.73362476944993
DIYTHOM,CYC,OS,Summer,649.1490909913169,19121.965408220516,12982.981819826338,81.14363637391462,2390.2456760275645,12982.981819826338,93.07333870550286,2897.2686399038325,12982.981819826338,8,32.90639447316671,1024.3391510975628,4590.177242410433
DREPOLYV,DVEL,NS,Spring,2.790382316952702,2849.3197836406393,127.02276926656926,0.3100424796614113,316.59108707118213,127.02276926656926,0.5742837993171848,619.361407991079,127.02276926656926,9,0.19142793310572825,206.45380266369298,42.34092308885642
DREPOLYV,DVEL,NS,Summer,1358.328607738669,790618.126133684,27166.57215477338,104.48681597989761,60816.7789333603,27166.57215477338,172.05365887252725,106065.87066474665,27166.57215477338,13,47.71909916892975,29417.37963526737,7534.65145250982
DREPOLYV,DVEL,OS,Spring,4.44476528,2304.7000868200003,88.8953056,0.55559566,288.08751085250003,88.8953056,0.4858400585234347,250.73820864750422,88.8953056,8,0.1717703999769949,88.64934381860883,31.429236702705236
DREPOLYV,DVEL,OS,Summer,243.6180184807643,71531.33922675725,4872.360369615286,30.45225231009554,8941.417403344656,4872.360369615286,29.205725580271718,10565.495252348213,4872.360369615286,8,10.325783303641773,3735.466669764847,1722.6395288697809
ENCSP,ROT,NS,Spring,0.011096854777929861,8.191172321657305,0.16202285440518757,0.001232983864214429,0.9101302579619228,0.16202285440518757,0.003562327367136615,2.5431970121616936,0.16202285440518757,9,0.001187442455712205,0.8477323373872312,0.054007618135062524
ENCSP,ROT,NS,Summer,0,0,0,0,0,0,0,0,0,13,0,0,0
ENCSP,ROT,OS,Spring,0,0,0,0,0,0,0,0,0,8,0,0,0
ENCSP,ROT,OS,Summer,0,0,0,0,0,0,0,0,0,8,0,0,0
EPICOPE,CAL,NS,Spring,0,0,0,0,0,0,0,0,0,9,0,0,0
EPICOPE,CAL,NS,Summer,27.51442508122632,945.6356482981602,550.2885016245264,2.1164942370174096,72.74120371524309,550.2885016245264,3.1273789013160243,101.35288697710781,550.2885016245264,13,0.8673788451153202,28.11023314709759,152.62256991580605
EPICOPE,CAL,OS,Spring,0,0,0,0,0,0,0,0,0,8,0,0,0
EPICOPE,CAL,OS,Summer,18.1143018641417,536.0088626408141,362.28603728283406,2.2642877330177127,67.00110783010176,362.28603728283406,1.7978308916697654,86.41377138161656,362.28603728283406,8,0.6356292074631742,30.55188186592254,128.08745684594717
EPILACU,CAL,NS,Spring,0,0,0,0,0,0,0,0,0,9,0,0,0
EPILACU,CAL,NS,Summer,37.204349229359345,243.6275745269808,744.0869845871869,2.8618730176430267,18.7405826559216,744.0869845871869,3.302709368546354,23.120202945350297,744.0869845871869,13,0.9160067674037826,6.412390555276465,206.37259817957582
EPILACU,CAL,OS,Spring,0,0,0,0,0,0,0,0,0,8,0,0,0
EPILACU,CAL,OS,Summer,13.069027240549172,120.8711394931104,261.38054481098345,1.6336284050686465,15.1088924366388,261.38054481098345,1.8762258764460205,18.11843404227203,261.38054481098345,8,0.6633460201363273,6.40583378788587,92.41197785304033
EUBCORE,NDAP,NS,Spring,0,0,0,0,0,0,0,0,0,9,0,0,0
EUBCORE,NDAP,NS,Summer,37.85969295964838,2504.5576505149165,757.1938591929675,2.9122840738191056,192.65828080883975,757.1938591929675,4.860958933332545,343.70314406607156,757.1938591929675,13,1.3481874370811715,95.32610072833904,210.0077911374388
EUBCORE,NDAP,OS,Spring,0,0,0,0,0,0,0,0,0,8,0,0,0
EUBCORE,NDAP,OS,Summer,8.04843810695776,579.99609578187,160.96876213915522,1.00605476336972,72.49951197273376,160.96876213915522,1.9505192623323302,131.01595507318405,160.96876213915522,8,0.6896126986150865,46.321135137940246,56.91105163390052
GASSTYL,ROT,NS,Spring,0,0,0,0,0,0,0,0,0,9,0,0,0
GASSTYL,ROT,NS,Summer,12.823132209414856,56742.346213661935,256.46264418829713,0.9863947853396043,4364.79586258938,256.46264418829713,1.009493807962623,4193.881106350063,256.46264418829713,13,0.27998320668251037,1163.1733363188307,71.12993952784477
GASSTYL,ROT,OS,Spring,0,0,0,0,0,0,0,0,0,8,0,0,0
GASSTYL,ROT,OS,Summer,4.268118164441356,19449.04001511886,85.36236328882711,0.5335147705551695,2431.1300018898573,85.36236328882711,0.35774005854481294,1569.9171660743505,85.36236328882711,8,0.12648021064955486,555.0495370161702,30.180152969819623
HARCOPE,CYC,NS,Spring,0.013765491354638618,4.57161481142559,0.40596129188512164,0.001529499039404291,0.5079572012695099,0.40596129188512164,0.0030579223545469966,1.0255829009750377,0.40596129188512164,9,0.0010193074515156655,0.3418609669916792,0.13532043062837387
HARCOPE,CYC,NS,Summer,0.47494443390866775,66.82081246281022,9.498888678173355,0.03653418722374367,5.140062497139248,9.498888678173355,0.10562806356474168,11.463471699119443,9.498888678173355,13,0.029295953793126592,3.179395000461958,2.6345177068521837
HARCOPE,CYC,OS,Spring,0,0,0,0,0,0,0,0,0,8,0,0,0
HARCOPE,CYC,OS,Summer,0,0,0,0,0,0,0,0,0,8,0,0,0
HARSP,CYC,NS,Spring,0.3896077495109246,26.742223235651178,7.80155567137476,0.04328974994565828,2.971358137294575,7.80155567137476,0.062487829890982165,4.404822761409588,7.80155567137476,9,0.020829276630327388,1.468274253803196,2.60051855712492
HARSP,CYC,NS,Summer,0.26053242285130773,22.6802576941989,5.210648457026155,0.02004095560394675,1.7446352072460694,5.210648457026155,0.07225869303932739,6.290371696705447,5.210648457026155,13,0.02004095560394675,1.7446352072460694,1.4451738607865476
HARSP,CYC,OS,Spring,0.004599099900277507,0.487971464878827,0.09198199800555013,5.748874875346883e-4,0.06099643310985337,0.09198199800555013,0.0016260273634202997,0.1725239659206759,0.09198199800555013,8,5.748874875346882e-4,0.06099643310985337,0.03252054726840599
HARSP,CYC,OS,Summer,0,0,0,0,0,0,0,0,0,8,0,0,0
HOLGIBB,NDAP,NS,Spring,0,0,0,0,0,0,0,0,0,9,0,0,0
HOLGIBB,NDAP,NS,Summer,733.0630858646895,39919.94434691152,14661.26171729379,56.38946814343765,3070.7649497624247,14661.26171729379,75.55955007362182,4322.166567123291,14661.26171729379,13,20.956448626264027,1198.7533214507073,4066.302375746153
HOLGIBB,NDAP,OS,Spring,0,0,0,0,0,0,0,0,0,8,0,0,0
HOLGIBB,NDAP,OS,Summer,387.9138521290841,28864.704730831512,7758.277042581682,48.48923151613551,3608.088091353939,7758.277042581682,57.83109871601883,4405.4027845313285,7758.277042581682,8,20.446381032782778,1557.5450914001005,2742.96515356671
KELLONG,ROT,NS,Spring,0.010074096400938707,165.37974785330866,0.2023092472412707,0.0011193440445487453,18.375527539256517,0.2023092472412707,0.0027450243870605954,43.974798225112714,0.2023092472412707,9,9.150081290201984e-4,14.658266075037572,0.06743641574709024
KELLONG,ROT,NS,Summer,27.425385498519777,252213.1703894557,548.5077099703956,2.1096450383476752,19401.013106881208,548.5077099703956,4.161885641299874,34122.62986259261,548.5077099703956,13,1.154299390948002,9463.914740250491,152.12866717581474
KELLONG,ROT,OS,Spring,0.011865345900000001,162.89107335,0.237306918,0.0014831682375000001,20.36138416875,0.237306918,0.0017113756527163562,29.696876027782235,0.237306918,8,6.050626645966447e-4,10.49943120965052,0.08390066547013998
KELLONG,ROT,OS,Summer,27.943553758401546,423576.0909770214,558.8710751680309,3.492944219800193,52947.01137212767,558.8710751680309,3.971248530322391,59056.23604516836,558.8710751680309,8,1.4040483827840367,20879.53248944598,197.59076353016567
KERCOCH,ROT,NS,Spring,0.004006335855747349,152.5530311424344,0.09212222737805138,4.4514842841637207e-4,16.950336793603825,0.09212222737805138,8.756368098093756e-4,33.009834283303285,0.09212222737805138,9,2.918789366031252e-4,11.003278094434428,0.03070740912601713
KERCOCH,ROT,NS,Summer,7.281657733176667,400326.19549072033,145.63315466353333,0.5601275179366667,30794.32273005541,145.63315466353333,0.6982678238764053,37070.612012139725,145.63315466353333,13,0.19366464946100287,10281.537878661622,40.39136973438054
KERCOCH,ROT,OS,Spring,0.0035652783,132.4510762,0.071305566,4.456597875e-4,16.556384525,0.071305566,3.900794334019728e-4,16.045497463123024,0.071305566,8,1.379139062799706e-4,5.672940031842917,0.02521032462747246
KERCOCH,ROT,OS,Summer,7.102822435556821,463999.1770321501,142.05644871113643,0.8878528044446026,57999.89712901876,142.05644871113643,0.9958767662206386,63702.235818498084,142.05644871113643,8,0.3520956073103718,22522.141462002284,50.22453909746177
KERCOCHH,ROT,NS,Spring,0,0,0,0,0,0,0,0,0,9,0,0,0
KERCOCHH,ROT,NS,Summer,0.8046101922891742,36081.49665072287,16.092203845783484,0.06189309171455186,2775.4997423632976,16.092203845783484,0.09196067289837048,3960.0157724518026,16.092203845783484,13,0.02550530165086511,1098.3107630170086,4.463174315476243
KERCOCHH,ROT,OS,Spring,0,0,0,0,0,0,0,0,0,8,0,0,0
KERCOCHH,ROT,OS,Summer,0.20838614615221993,9336.74100762538,4.167722923044399,0.02604826826902749,1167.0926259531725,4.167722923044399,0.06517157742579739,2907.3184491256216,4.167722923044399,8,0.023041632169202728,1027.8922952227417,1.4735125704956569
KERCRAS,ROT,NS,Spring,0.0019291890988024569,51.262211365706506,0.04370841075547534,2.143543443113841e-4,5.695801262856278,0.04370841075547534,4.024289017586435e-4,10.694377243957181,0.04370841075547534,9,1.3414296725288116e-4,3.5647924146523935,0.014569470251825112
KERCRAS,ROT,NS,Summer,5.265669841167628,133452.90966594472,105.31339682335256,0.4050515262436637,10265.608435841901,105.31339682335256,0.3217975327902799,7941.226374266254,105.31339682335256,13,0.08925057729178143,2202.4999140372283,29.208680941529543
KERCRAS,ROT,OS,Spring,0,0,0,0,0,0,0,0,0,8,0,0,0
KERCRAS,ROT,OS,Summer,3.448514891207707,92852.00146770524,68.97029782415414,0.4310643614009634,11606.500183463155,68.97029782415414,0.339847004754146,9413.726162462592,68.97029782415414,8,0.12015406081379673,3328.2548028552565,24.38468264595759
KEREARL,ROT,NS,Spring,3.28464358448498e-4,9.802443401076221,0.01495160270696961,3.6496039827610886e-5,1.089160377897358,0.01495160270696961,5.5354718015550884e-5,1.6970655085274124,0.01495160270696961,9,1.8451572671850296e-5,0.5656885028424709,0.0049838675689898694
KEREARL,ROT,NS,Summer,0.4096796525342081,19148.96076286234,8.193593050684163,0.03151381942570832,1472.9969817586416,8.193593050684163,0.05072725194333825,2434.6135280098383,8.193593050684163,13,0.01406920830346818,675.2403008598274,2.2724938365020892
KEREARL,ROT,OS,Spring,2.319321e-4,9.880541919999999,0.004638642,2.89915125e-5,1.2350677399999999,0.004638642,5.437267471750434e-5,2.2950564910436517,0.004638642,8,1.922364350199883e-5,0.8114250040115845,0.0016400076068483645
KEREARL,ROT,OS,Summer,2.354211129794939,96510.1474498383,47.08422259589879,0.2942763912243674,12063.768431229788,47.08422259589879,0.3087359308970204,12445.131141455377,47.08422259589879,8,0.10915463516661222,4400.018311439488,16.646786542228448
KERHIEM,ROT,NS,Spring,0.012316573809049072,28.046766769488713,0.13875414862148444,0.0013685082010054524,3.116307418832079,0.13875414862148444,0.004074159107850339,9.285648778297686,0.13875414862148444,9,0.001358053035950113,3.095216259432562,0.04625138287382815
KERHIEM,ROT,NS,Summer,0,0,0,0,0,0,0,0,0,13,0,0,0
KERHIEM,ROT,OS,Spring,0.0029574971000000004,4.904217040000001,0.059149942,3.6968713750000005e-4,0.6130271300000001,0.059149942,6.849627977620452e-4,1.1568001049257584,0.059149942,8,2.4217091957902596e-4,0.4089905993351567,0.020912662547495485
KERHIEM,ROT,OS,Summer,0,0,0,0,0,0,0,0,0,8,0,0,0
KERQUAD,ROT,NS,Spring,0.03253249122018253,39.7779471244283,0.6144982757596961,0.0036147212466869473,4.419771902714255,0.6144982757596961,0.005837292974136981,6.904965959460238,0.6144982757596961,9,0.0019457643247123271,2.3016553198200795,0.20483275858656536
KERQUAD,ROT,NS,Summer,14.902805694230446,16164.894678575638,298.0561138846089,1.1463696687869576,1243.4534368135107,298.0561138846089,3.599873799015558,3793.214974886586,298.0561138846089,13,0.9984253513499955,1052.0485454470333,82.6658924289609
KERQUAD,ROT,OS,Spring,0,0,0,0,0,0,0,0,0,8,0,0,0
KERQUAD,ROT,OS,Summer,26.112742760955232,32906.102009941256,522.2548552191046,3.264092845119404,4113.262751242657,522.2548552191046,5.815710881216743,7337.377085185705,522.2548552191046,8,2.0561643007643755,2594.154546528798,184.6449748165137
KERSP,ROT,NS,Spring,5.501856048417851e-4,13.98397473329821,0.016978004520380667,6.113173387130945e-5,1.5537749703664678,0.016978004520380667,5.657343381825794e-5,1.4043275925621994,0.016978004520380667,9,1.8857811272752647e-5,0.46810919752073316,0.005659334840126889
KERSP,ROT,NS,Summer,0,0,0,0,0,0,0,0,0,13,0,0,0
KERSP,ROT,OS,Spring,0,0,0,0,0,0,0,0,0,8,0,0,0
KERSP,ROT,OS,Summer,0,0,0,0,0,0,0,0,0,8,0,0,0
LECFLEX,ROT,NS,Spring,8.187398893270295e-5,1.46724147280611,9.006138782597324e-4,9.097109881411439e-6,0.16302683031179,9.006138782597324e-4,2.7291329644234317e-5,0.48908049093537004,9.006138782597324e-4,9,9.097109881411439e-6,0.16302683031179002,3.002046260865775e-4
LECFLEX,ROT,NS,Summer,0,0,0,0,0,0,0,0,0,13,0,0,0
LECFLEX,ROT,OS,Spring,0,0,0,0,0,0,0,0,0,8,0,0,0
LECFLEX,ROT,OS,Summer,0,0,0,0,0,0,0,0,0,8,0,0,0
LECSP,ROT,NS,Spring,0,0,0,0,0,0,0,0,0,9,0,0,0
LECSP,ROT,NS,Summer,0,0,0,0,0,0,0,0,0,13,0,0,0
LECSP,ROT,OS,Spring,3.693397e-4,5.49211883,0.007386794,4.61674625e-5,0.68651485375,0.007386794,9.603746451899365e-5,1.2728834674396685,0.007386794,8,3.395437120467143e-5,0.45003226574341776,0.002611626064314051
LECSP,ROT,OS,Summer,0,0,0,0,0,0,0,0,0,8,0,0,0
LEOASHL,CAL,NS,Spring,0.26440760317287726,5.78976198846355,6.507581458648209,0.02937862257476414,0.6433068876070611,6.507581458648209,0.0641362629340208,1.35674230528213,6.507581458648209,9,0.02137875431134027,0.4522474350940433,2.169193819549403
LEOASHL,CAL,NS,Summer,4.37719626292897,98.9150113545185,87.54392525857939,0.33670740484068995,7.608847027270654,87.54392525857939,0.8529448529488163,19.49656823182377,87.54392525857939,13,0.2365643386500038,5.407375111955607,24.280316259630393
LEOASHL,CAL,OS,Spring,0.22390185743836355,2.93032055845532,4.478037148767271,0.027987732179795444,0.366290069806915,4.478037148767271,0.055378388024440034,0.7192149302507399,4.478037148767271,8,0.01957921685163072,0.254280877155454,1.5832252171493049
LEOASHL,CAL,OS,Summer,0,0,0,0,0,0,0,0,0,8,0,0,0
LEOMINU,CAL,NS,Spring,7.075106033666725,148.59099181592558,389.68921352129473,0.7861228926296361,16.51011020176951,389.68921352129473,1.26033569019977,26.40041899902171,389.68921352129473,9,0.42011189673325666,8.80013966634057,129.89640450709825
LEOMINU,CAL,NS,Summer,312.564623771295,8272.093145132898,6251.292475425899,24.04343259779192,636.3148573179153,6251.292475425899,26.193410153951938,733.1844724922502,6251.292475425899,13,7.264744876102525,203.34878538037114,1733.7965813900223
LEOMINU,CAL,OS,Spring,31.417800594361946,570.6547367370167,628.3560118872389,3.9272250742952433,71.33184209212709,628.3560118872389,4.396529840647481,83.48497467379083,628.3560118872389,8,1.5544080320054223,29.516395859512336,222.15739850240072
LEOMINU,CAL,OS,Summer,167.83949340550416,4498.022372152228,3356.7898681100833,20.97993667568802,562.2527965190285,3356.7898681100833,26.431824028416955,717.2451123880212,3356.7898681100833,8,9.345061004811578,253.58444137123857,1186.804439379468
LEOSICI,CAL,NS,Spring,71.4869884464138,640.9625086911668,2519.4637788642,7.9429987162682005,71.21805652124077,2519.4637788642,9.326202127868461,80.27456643782509,2519.4637788642,9,3.1087340426228205,26.758188812608363,839.8212596213999
LEOSICI,CAL,NS,Summer,2.979702610434933,44.2595320051844,59.594052208698656,0.22920789311037945,3.4045793850141846,59.594052208698656,0.8264208113505424,12.275385544056297,59.594052208698656,13,0.22920789311037945,3.4045793850141846,16.528416227010847
LEOSICI,CAL,OS,Spring,90.26342202138586,833.2474809541147,1805.2684404277175,11.282927752673233,104.15593511926434,1805.2684404277175,9.840152360273269,92.62142198441241,1805.2684404277175,8,3.4790192309290195,32.74661778415939,638.2587780442509
LEOSICI,CAL,OS,Summer,14.753133475936291,144.16502262543378,295.06266951872584,1.8441416844920364,18.020627828179222,295.06266951872584,3.4320549049009363,35.27912566161314,295.06266951872584,8,1.2134146483300017,12.473054494829498,104.32040724584812
LEOSICO,CAL,NS,Spring,1.0709341322815218,18.7806908519182,11.780275455096739,0.11899268136461354,2.0867434279909114,11.780275455096739,0.3569780440938406,6.260230283972734,11.780275455096739,9,0.11899268136461354,2.0867434279909114,3.9267584850322463
LEOSICO,CAL,NS,Summer,0,0,0,0,0,0,0,0,0,13,0,0,0
LEOSICO,CAL,OS,Spring,0,0,0,0,0,0,0,0,0,8,0,0,0
LEOSICO,CAL,OS,Summer,1.7104605656421705,42.8049933946853,34.20921131284341,0.21380757070527132,5.350624174335662,34.20921131284341,0.6047391324588782,15.133850549013674,34.20921131284341,8,0.2138075707052713,5.350624174335662,12.094782649177564
LETKIND,PRED,NS,Spring,0,0,0,0,0,0,0,0,0,9,0,0,0
LETKIND,PRED,NS,Summer,273.74464708688765,6767.496167424397,5474.892941737753,21.057280545145204,520.5766282634152,5474.892941737753,29.33776842855887,827.4714743268985,5474.892941737753,13,8.13683295206597,229.49929458995513,1518.462094547027
LETKIND,PRED,OS,Spring,0,0,0,0,0,0,0,0,0,8,0,0,0
LETKIND,PRED,OS,Summer,130.85756511187822,3336.3246004240377,2617.151302237564,16.357195638984777,417.0405750530047,2617.151302237564,13.636618138635624,453.9594052482355,2617.151302237564,8,4.821272579140362,160.49888691721964,925.3027166016924
LIMCOPE,CAL,NS,Spring,0,0,0,0,0,0,0,0,0,9,0,0,0
LIMCOPE,CAL,NS,Summer,0,0,0,0,0,0,0,0,0,13,0,0,0
LIMCOPE,CAL,OS,Spring,0.005656439203639716,0.487971464878827,0.11312878407279431,7.070549004549645e-4,0.06099643310985337,0.11312878407279431,0.001999853259131539,0.1725239659206759,0.11312878407279431,8,7.070549004549644e-4,0.06099643310985337,0.03999706518263077
LIMCOPE,CAL,OS,Summer,0,0,0,0,0,0,0,0,0,8,0,0,0
LIMMACR,CAL,NS,Spring,74.16378359233902,151.06825036750487,2339.888883136888,8.24042039914878,16.785361151944986,2339.888883136888,9.889297293740153,20.531965793096568,2339.888883136888,9,3.2964324312467177,6.843988597698856,779.9629610456294
LIMMACR,CAL,NS,Summer,0,0,0,0,0,0,0,0,0,13,0,0,0
LIMMACR,CAL,OS,Spring,57.676475602182805,106.49354978282403,1153.5295120436558,7.209559450272851,13.311693722853004,1153.5295120436558,11.306606879333126,21.258111779792337,1153.5295120436558,8,3.9974891982934606,7.515877497356394,407.8342701324391
LIMMACR,CAL,OS,Summer,33.497285924678415,65.1247399504855,669.9457184935684,4.187160740584802,8.140592493810688,669.9457184935684,11.8430790143424,23.02507262099938,669.9457184935684,8,4.187160740584802,8.140592493810688,236.861580286848
MESCOPE,CYC,NS,Spring,0,0,0,0,0,0,0,0,0,9,0,0,0
MESCOPE,CYC,NS,Summer,0.18611838189346877,21.32310033862673,3.7223676378693753,0.014316798607189905,1.6402384875866716,3.7223676378693753,0.03779648985495072,4.410977605899393,3.7223676378693753,13,0.010482860169583023,1.2233850717687422,1.0323990295742926
MESCOPE,CYC,OS,Spring,0,0,0,0,0,0,0,0,0,8,0,0,0
MESCOPE,CYC,OS,Summer,0,0,0,0,0,0,0,0,0,8,0,0,0
MONCOPE,ROT,NS,Spring,2.2283372573855267e-4,2.77571811644503,0.013094938665784922,2.4759302859839188e-05,0.3084131240494478,0.013094938665784922,4.363021199622082e-5,0.5535604291428686,0.013094938665784922,9,1.4543403998740272e-5,0.18452014304762288,0.004364979555261641
MONCOPE,ROT,NS,Summer,0,0,0,0,0,0,0,0,0,13,0,0,0
MONCOPE,ROT,OS,Spring,0,0,0,0,0,0,0,0,0,8,0,0,0
MONCOPE,ROT,OS,Summer,0,0,0,0,0,0,0,0,0,8,0,0,0
MONSP,ROT,NS,Spring,0,0,0,0,0,0,0,0,0,9,0,0,0
MONSP,ROT,NS,Summer,0,0,0,0,0,0,0,0,0,13,0,0,0
MONSP,ROT,OS,Spring,1.274707e-4,2.03494483,0.002549414,1.59338375e-5,0.25436810375,0.002549414,4.5067698186298015e-5,0.7194616443167531,0.002549414,8,1.5933837499999996e-5,0.25436810374999996,9.013539637259603e-4
MONSP,ROT,OS,Summer,0,0,0,0,0,0,0,0,0,8,0,0,0
MYSRELI,MAL,NS,Spring,1.257504858354311,0.512370038122768,17.605068016960352,0.13972276203936787,0.05693000423586311,17.605068016960352,0.41916828611810364,0.17079001270758934,17.605068016960352,9,0.13972276203936787,0.05693000423586311,5.8683560056534505
MYSRELI,MAL,NS,Summer,0,0,0,0,0,0,0,0,0,13,0,0,0
MYSRELI,MAL,OS,Spring,0,0,0,0,0,0,0,0,0,8,0,0,0
MYSRELI,MAL,OS,Summer,0,0,0,0,0,0,0,0,0,8,0,0,0
NOOSP,ROT,NS,Spring,0.05526950701974597,103.887825933694,0.7282505381606513,0.0061410563355273305,11.543091770410445,0.7282505381606513,0.018134413451664073,33.31724671450534,0.7282505381606513,9,0.006044804483888024,11.105748904835112,0.24275017938688379
NOOSP,ROT,NS,Summer,0,0,0,0,0,0,0,0,0,13,0,0,0
NOOSP,ROT,OS,Spring,0,0,0,0,0,0,0,0,0,8,0,0,0
NOOSP,ROT,OS,Summer,0,0,0,0,0,0,0,0,0,8,0,0,0
NOTACUM,ROT,NS,Spring,0.05734061354274282,134.2960630843364,0.9474972257912995,0.00637117928252698,14.92178478714849,0.9474972257912995,0.01704643702787042,38.66186658669974,0.9474972257912995,9,0.005682145675956807,12.887288862233246,0.3158324085970998
NOTACUM,ROT,NS,Summer,0,0,0,0,0,0,0,0,0,13,0,0,0
NOTACUM,ROT,OS,Spring,0.0014974348,2.03494483,0.029948696000000004,1.8717935e-4,0.25436810375,0.029948696000000004,5.294231507323607e-4,0.7194616443167531,0.029948696000000004,8,1.8717934999999998e-4,0.25436810374999996,0.010588463014647217
NOTACUM,ROT,OS,Summer,0,0,0,0,0,0,0,0,0,8,0,0,0
NOTLABI,ROT,NS,Spring,4.3285785020523307e-4,0.512370038122768,0.006060009902873262,4.809531668947034e-5,0.05693000423586311,0.006060009902873262,1.4428595006841103e-4,0.17079001270758934,0.006060009902873262,9,4.809531668947034e-5,0.05693000423586311,0.002020003300957754
NOTLABI,ROT,NS,Summer,0,0,0,0,0,0,0,0,0,13,0,0,0
NOTLABI,ROT,OS,Spring,0,0,0,0,0,0,0,0,0,8,0,0,0
NOTLABI,ROT,OS,Summer,0,0,0,0,0,0,0,0,0,8,0,0,0
NOTLAUR,ROT,NS,Spring,0.5984896484291469,1393.7499429412003,12.768515086026081,0.06649884982546075,154.86110477124447,12.768515086026081,0.1572720978687665,359.5783871393194,12.768515086026081,9,0.05242403262292217,119.85946237977312,4.256171695342027
NOTLAUR,ROT,NS,Summer,0,0,0,0,0,0,0,0,0,13,0,0,0
NOTLAUR,ROT,OS,Spring,5.663773e-4,1.51974164,0.011327545999999999,7.07971625e-5,0.189967705,0.011327545999999999,2.0024461477006377e-4,0.5373098096477824,0.011327545999999999,8,7.079716249999998e-5,0.189967705,0.004004892295401275
NOTLAUR,ROT,OS,Summer,0,0,0,0,0,0,0,0,0,8,0,0,0
NOTSP,ROT,NS,Spring,0.004838026078306897,7.86466297923613,0.2515773560719587,5.375584531452107e-4,0.8738514421373478,0.2515773560719587,0.0016126753594356323,2.6215543264120433,0.2515773560719587,9,5.375584531452107e-4,0.8738514421373478,0.08385911869065289
NOTSP,ROT,NS,Summer,0,0,0,0,0,0,0,0,0,13,0,0,0
NOTSP,ROT,OS,Spring,0.0063919005000000004,19.06521279,0.12783801,7.989875625000001e-4,2.38315159875,0.12783801,0.0016687347878221992,4.4260673865825595,0.12783801,8,5.899868422354858e-4,1.564851131520574,0.045197561882196834
NOTSP,ROT,OS,Summer,0,0,0,0,0,0,0,0,0,8,0,0,0
NOTSQUA,ROT,NS,Spring,0.0018751802662195394,18.19574085181441,0.02397987873550947,2.0835336291328215e-4,2.0217489835349345,0.02397987873550947,5.544447685236405e-4,5.536337557912073,0.02397987873550947,9,1.8481492284121352e-4,1.8454458526373576,0.007993292911836489
NOTSQUA,ROT,NS,Summer,0,0,0,0,0,0,0,0,0,13,0,0,0
NOTSQUA,ROT,OS,Spring,0,0,0,0,0,0,0,0,0,8,0,0,0
NOTSQUA,ROT,OS,Summer,0,0,0,0,0,0,0,0,0,8,0,0,0
PLOHUDS,ROT,NS,Spring,0,0,0,0,0,0,0,0,0,9,0,0,0
PLOHUDS,ROT,NS,Summer,35.422976971413874,12935.028903683724,708.4595394282775,2.724844382416452,995.0022233602864,708.4595394282775,4.004593119234671,1188.0991501928345,708.4595394282775,13,1.1106742945208372,329.51941587349665,196.4913227692505
PLOHUDS,ROT,OS,Spring,0,0,0,0,0,0,0,0,0,8,0,0,0
PLOHUDS,ROT,OS,Summer,28.026375319544993,8204.58928753528,560.5275063908998,3.503296914943124,1025.57366094191,560.5275063908998,4.052928084520424,824.9716220266464,560.5275063908998,8,1.4329264661128982,291.6715141107535,198.17640040529554
PLOLENT,ROT,NS,Spring,0,0,0,0,0,0,0,0,0,9,0,0,0
PLOLENT,ROT,NS,Summer,1.2957758288345984,2521.572167652273,25.915516576691967,0.09967506375650756,193.96708981940563,25.915516576691967,0.25027398378102844,420.6115629424026,25.915516576691967,13,0.06941351395670314,116.65665824937552,7.187671065184606
PLOLENT,ROT,OS,Spring,0,0,0,0,0,0,0,0,0,8,0,0,0
PLOLENT,ROT,OS,Summer,4.028250062577915,11351.314057041887,80.56500125155831,0.5035312578222394,1418.914257130236,80.56500125155831,0.9101716966863529,2622.365479660674,80.56500125155831,8,0.3217942893854928,927.1462067087879,28.484029355639784
PLOTRUN,ROT,NS,Spring,0,0,0,0,0,0,0,0,0,9,0,0,0
PLOTRUN,ROT,NS,Summer,7.628100508565669,34359.61902534093,152.56201017131337,0.5867769621973591,2643.0476173339175,152.56201017131337,0.8447553178390342,3646.520671065661,152.56201017131337,13,0.23429297028380905,1011.3628658897383,42.313088489271465
PLOTRUN,ROT,OS,Spring,0,0,0,0,0,0,0,0,0,8,0,0,0
PLOTRUN,ROT,OS,Summer,5.388703326929223,24607.34542180744,107.77406653858445,0.6735879158661529,3075.91817772593,107.77406653858445,1.2917680215825673,5569.61951531393,107.77406653858445,8,0.4567089638904819,1969.1578639537058,38.10388664274162
POLDOLI,ROT,NS,Spring,0.18800705182749447,290.0811067571343,5.8264856970827825,0.020889672425277166,32.23123408412603,5.8264856970827825,0.03140341701882287,46.43854942611367,5.8264856970827825,9,0.010467805672940957,15.479516475371222,1.9421618990275942
POLDOLI,ROT,NS,Summer,0,0,0,0,0,0,0,0,0,13,0,0,0
POLDOLI,ROT,OS,Spring,0,0,0,0,0,0,0,0,0,8,0,0,0
POLDOLI,ROT,OS,Summer,0,0,0,0,0,0,0,0,0,8,0,0,0
POLMAJO,ROT,NS,Spring,0,0,0,0,0,0,0,0,0,9,0,0,0
POLMAJO,ROT,NS,Summer,0,0,0,0,0,0,0,0,0,13,0,0,0
POLMAJO,ROT,OS,Spring,0.010691039199999999,10.00384841,0.21382078399999999,0.0013363798999999998,1.25048105125,0.21382078399999999,0.00247467791528516,2.3209868234678703,0.21382078399999999,8,8.749307675753625e-4,0.8205927609593776,0.07559706316251201
POLMAJO,ROT,OS,Summer,0,0,0,0,0,0,0,0,0,8,0,0,0
POLREMA,ROT,NS,Spring,0.007836122599859168,16.7284993790083,0.10186959379816919,8.70680288873241e-4,1.8587221532231446,0.10186959379816919,0.002612040866619723,5.576166459669434,0.10186959379816919,9,8.70680288873241e-4,1.8587221532231446,0.0339565312660564
POLREMA,ROT,NS,Summer,7.77767745915088,27792.626282200596,155.55354918301762,0.5982828814731446,2137.8943294000455,155.55354918301762,1.334761146414178,4497.618383104321,155.55354918301762,13,0.3701961349148782,1247.4148998270823,43.14279212767536
POLREMA,ROT,OS,Spring,0,0,0,0,0,0,0,0,0,8,0,0,0
POLREMA,ROT,OS,Summer,1.6315583748547513,8974.980891182902,32.63116749709503,0.2039447968568439,1121.8726113978628,32.63116749709503,0.3255663209344301,1780.1944600914644,32.63116749709503,8,0.11510507662934569,629.3937872806996,11.536859907614977
POLSP,ROT,NS,Spring,0.009292050174454712,21.54761496558645,0.2510355687199124,0.0010324500193838568,2.3941794406207166,0.2510355687199124,0.0023744098229886556,5.606666899384866,0.2510355687199124,9,7.914699409962185e-4,1.868888966461622,0.08367852290663746
POLSP,ROT,NS,Summer,35.46281701950685,100514.99741902616,709.2563403901369,2.7279090015005267,7731.922878386627,709.2563403901369,3.049648011566619,8530.073073326934,709.2563403901369,13,0.8458201752169417,2365.816603794997,196.71231559419843
POLSP,ROT,OS,Spring,0.159776076,211.74107127,3.1955215200000002,0.0199720095,26.46763390875,3.1955215200000002,0.019055320063026987,25.94227263430424,3.1955215200000002,8,0.006737073017123226,9.171978449553363,1.129787468109772
POLSP,ROT,OS,Summer,30.818115054838596,62976.679926170575,616.362301096772,3.8522643818548246,7872.084990771322,616.362301096772,6.798053126252626,13365.094084026674,616.362301096772,8,2.40347473221982,4725.274329005735,217.916981386636
POLVULG,ROT,NS,Spring,0.001741262639267325,2.93448294561222,0.019153889031940576,1.9347362658525834e-4,0.32605366062358,0.019153889031940576,5.80420879755775e-4,0.9781609818707401,0.019153889031940576,9,1.934736265852583e-4,0.32605366062358004,0.006384629677313525
POLVULG,ROT,NS,Summer,0.8288026044893316,1746.4287223190415,16.57605208978663,0.06375404649917936,134.34067094761858,16.57605208978663,0.17534935384968894,372.1269439618306,16.57605208978663,13,0.0486331604941948,103.20944441816114,4.597369673422131
POLVULG,ROT,OS,Spring,0,0,0,0,0,0,0,0,0,8,0,0,0
POLVULG,ROT,OS,Summer,18.24993354683758,36190.99078178393,364.9986709367516,2.2812416933546973,4523.873847722991,364.9986709367516,3.92469618357367,7549.0623349435,364.9986709367516,8,1.3875896427509524,2668.9965843192504,129.04651767172712
POYPEDI,PRED,NS,Spring,0,0,0,0,0,0,0,0,0,9,0,0,0
POYPEDI,PRED,NS,Summer,343.6375020930005,7020.244910097121,6872.75004186001,26.43365400715388,540.01883923824,6872.75004186001,79.6306331105829,1607.4215356673024,6872.75004186001,13,22.085563905989783,445.8185206256559,1906.1578984133498
POYPEDI,PRED,OS,Spring,0,0,0,0,0,0,0,0,0,8,0,0,0
POYPEDI,PRED,OS,Summer,28.534397626794114,509.1085100852079,570.6879525358822,3.566799703349264,63.63856376065099,570.6879525358822,5.197618982307825,86.10714211830866,570.6879525358822,8,1.8376358142068923,30.443472050224912,201.76866058979442
ROTBDEL,ROT,NS,Spring,0.020336806601969237,18.414435380281446,0.260110590284078,0.002259645177996582,2.0460483755868273,0.260110590284078,0.005378390178363214,5.526826516100937,0.260110590284078,9,0.0017927967261210714,1.842275505366979,0.08670353009469267
ROTBDEL,ROT,NS,Summer,0,0,0,0,0,0,0,0,0,13,0,0,0
ROTBDEL,ROT,OS,Spring,0,0,0,0,0,0,0,0,0,8,0,0,0
ROTBDEL,ROT,OS,Summer,0,0,0,0,0,0,0,0,0,8,0,0,0
SKIOREG,CAL,NS,Spring,7.714601375593054,90.01236000459653,229.2134198143202,0.8571779306214504,10.00137333384406,229.2134198143202,0.8924197081311628,10.90008001429287,229.2134198143202,9,0.29747323604372095,3.63336000476429,76.40447327144007
SKIOREG,CAL,NS,Summer,95.6674023756743,1398.1726278777348,1913.348047513486,7.359030951974947,107.55174060597959,1913.348047513486,6.3378545897946905,85.7958004304464,1913.348047513486,13,1.757804592303042,23.79547366703461,530.6672687014449
SKIOREG,CAL,OS,Spring,13.154341229992117,141.60916464773504,263.0868245998423,1.6442926537490146,17.70114558096688,263.0868245998423,2.9207973317354976,32.79585911639105,263.0868245998423,8,1.0326577998708721,11.595087188019383,93.01523885769215
SKIOREG,CAL,OS,Summer,69.96852458895945,990.650777186375,1399.3704917791893,8.746065573619932,123.83134714829687,1399.3704917791893,12.492332773116805,179.4868271242173,1399.3704917791893,8,4.416706608354921,63.4581762965958,494.75218206470925
SKIREIG,CAL,NS,Spring,0,0,0,0,0,0,0,0,0,9,0,0,0
SKIREIG,CAL,NS,Summer,0.3312990601325771,5.67006442354974,6.625981202651542,0.025484543087121315,0.43615880181151845,6.625981202651542,0.09188582683238725,1.5725929241763656,6.625981202651542,13,0.025484543087121315,0.43615880181151845,1.837716536647745
SKIREIG,CAL,OS,Spring,0,0,0,0,0,0,0,0,0,8,0,0,0
SKIREIG,CAL,OS,Summer,0,0,0,0,0,0,0,0,0,8,0,0,0
SYNSP,ROT,NS,Spring,1.549140028858324,2752.905094396934,55.54636611068427,0.1721266698731471,305.8783438218816,55.54636611068427,0.26390701829982727,466.43496937121256,55.54636611068427,9,0.08796900609994242,155.4783231237375,18.51545537022809
SYNSP,ROT,NS,Summer,20.259556529333803,86501.12466685082,405.1911305866761,1.5584274253333696,6653.932666680833,405.1911305866761,1.9374419166040526,11135.584154259646,405.1911305866761,13,0.537349705657626,3088.455357725189,112.37979982257583
SYNSP,ROT,OS,Spring,1.4278391629,2340.6064801,28.556783258,0.1784798953625,292.5758100125,28.556783258,0.17093245548701327,266.0335254938881,28.556783258,8,0.06043374919986738,94.05705494984626,10.096347545303134
SYNSP,ROT,OS,Summer,10.424038761566928,31605.94119713677,208.48077523133855,1.303004845195866,3950.7426496420962,208.48077523133855,1.062855905034717,3502.4782692602002,208.48077523133855,8,0.3757763089371068,1238.313067576205,73.70908495655395
TRICYLI,ROT,NS,Spring,0,0,0,0,0,0,0,0,0,9,0,0,0
TRICYLI,ROT,NS,Summer,61.22535610750506,53805.82483617759,1224.5071221501012,4.709642777500389,4138.909602782892,1224.5071221501012,14.253196694593084,11694.583730263896,1224.5071221501012,13,3.9531255016637856,3243.4939449748776,339.61717046792586
TRICYLI,ROT,OS,Spring,0,0,0,0,0,0,0,0,0,8,0,0,0
TRICYLI,ROT,OS,Summer,8.942684021837282,10566.616153567711,178.85368043674566,1.1178355027296603,1320.8270191959639,178.85368043674566,1.6994576136079402,2040.8318900194329,178.85368043674566,8,0.600849001460641,721.5430343472497,63.234325138497304
TRIMULT,ROT,NS,Spring,0,0,0,0,0,0,0,0,0,9,0,0,0
TRIMULT,ROT,NS,Summer,43.34029178343927,41836.08433769482,866.8058356687852,3.3338685987260974,3218.160333668832,866.8058356687852,4.8260941326327185,4514.4394896797785,866.8058356687852,13,1.338517681186398,1252.0802353861482,240.40868356732446
TRIMULT,ROT,OS,Spring,0,0,0,0,0,0,0,0,0,8,0,0,0
TRIMULT,ROT,OS,Summer,10.54437910740214,14173.149798835911,210.8875821480428,1.3180473884252675,1771.643724854489,210.8875821480428,1.3843561992816018,1822.6730345396406,210.8875821480428,8,0.48944382804482806,644.4122313044211,74.56001970245808
TRIPUSI,ROT,NS,Spring,0,0,0,0,0,0,0,0,0,9,0,0,0
TRIPUSI,ROT,NS,Summer,0,0,0,0,0,0,0,0,0,13,0,0,0
TRIPUSI,ROT,OS,Spring,0,0,0,0,0,0,0,0,0,8,0,0,0
TRIPUSI,ROT,OS,Summer,0.08310251374127887,1208.75464302038,1.6620502748255774,0.01038781421765986,151.0943303775475,1.6620502748255774,0.02938117550005327,427.35930243521756,1.6620502748255774,8,0.010387814217659858,151.09433037754746,0.5876235100010654
TRISP,ROT,NS,Spring,0,0,0,0,0,0,0,0,0,9,0,0,0
TRISP,ROT,NS,Summer,1.3649187545371522,6442.938005576897,27.29837509074304,0.1049937503490117,495.61061581360747,27.29837509074304,0.1913046065318359,904.6941515815985,27.29837509074304,13,0.05305835139099981,250.91701170306493,7.571207009732536
TRISP,ROT,OS,Spring,0,0,0,0,0,0,0,0,0,8,0,0,0
TRISP,ROT,OS,Summer,0,0,0,0,0,0,0,0,0,8,0,0,0
TROPRASM,CYC,NS,Spring,0.035241015857423307,7.90265652019863,1.8325328245860117,0.00391566842860259,0.8780729466887367,1.8325328245860117,0.01174700528580777,2.63421884006621,1.8325328245860117,9,0.00391566842860259,0.8780729466887367,0.6108442748620039
TROPRASM,CYC,NS,Summer,0.13951651648233218,52.521311312818796,2.7903303296466437,0.010732039729410166,4.040100870216831,2.7903303296466437,0.0265760961028652,10.00492034839689,2.7903303296466437,13,0.007370882861579937,2.7748656402367713,0.7738983906941008
TROPRASM,CYC,OS,Spring,0,0,0,0,0,0,0,0,0,8,0,0,0
TROPRASM,CYC,OS,Summer,0,0,0,0,0,0,0,0,0,8,0,0,0
TYLMONO,ROT,NS,Spring,1.3920259797373544e-4,0.512370038122768,0.001948836371632296,1.546695533041505e-5,0.05693000423586311,0.001948836371632296,4.640086599124515e-5,0.17079001270758934,0.001948836371632296,9,1.546695533041505e-5,0.05693000423586311,6.49612123877432e-4
TYLMONO,ROT,NS,Summer,0,0,0,0,0,0,0,0,0,13,0,0,0
TYLMONO,ROT,OS,Spring,0,0,0,0,0,0,0,0,0,8,0,0,0
TYLMONO,ROT,OS,Summer,0,0,0,0,0,0,0,0,0,8,0,0,0
