Rot_GENERA,Station,Type,All_Bio_SUM_m3,All_Den_SUM_m3,All_Bio_SUM_m2,All_Bio_MEAN_m3,All_Den_MEAN_m3,All_Bio_MEAN_m2,All_Bio_SD_m3,All_Den_SD_m3,All_Bio_SD_m2,N,All_Bio_SE_m3,All_Den_SE_m3,All_Bio_SE_m2
Ascomorpha,ON12,OS,0.23097748618378375,9686.486486486487,0.004619549723675675,0.11548874309189187,4843.243243243243,0.004619549723675675,0.038298857788650574,1712.3450701166128,0.004619549723675675,2,0.02708138205405404,1210.810810810811,0.003266514935639511
Ascomorpha,ON17N,NS,0.007504236251059417,659.1175534421026,8.254659876165359e-5,0.0037521181255297086,329.5587767210513,8.254659876165359e-5,0.005306296340750029,466.0664916379974,8.254659876165359e-5,2,0.0037521181255297086,329.5587767210513,5.8369259748250316e-5
Ascomorpha,ON25,OS,0.13747204189708254,6645.475224525338,0.0027494408379416507,0.06873602094854127,3322.737612262669,0.0027494408379416507,0.013019494530381724,2349.5302977345304,0.0027494408379416507,2,0.009206172870054081,1661.3688061313344,0.0019441482609797644
Ascomorpha,ON29N,NS,0.06358535105702637,3811.5041855297777,0.0012717070211405272,0.031792675528513184,1905.7520927648889,0.0012717070211405272,0.04496163291655055,2695.1404561090144,0.0012717070211405272,2,0.031792675528513184,1905.7520927648886,8.992326583310109e-4
Ascomorpha,ON33,OS,0.03127701616809714,2384.5674012640893,6.255403233619427e-4,0.01563850808404857,1192.2837006320447,6.255403233619427e-4,0.022116190227742773,1686.1437796302207,6.255403233619427e-4,2,0.01563850808404857,1192.2837006320447,4.423238045548554e-4
Ascomorpha,ON38N,NS,0.12715724801674896,10143.394505912918,0.0020345159682679838,0.06357862400837448,5071.697252956459,0.0020345159682679838,0.057190316773333104,6275.905159458719,0.0020345159682679838,2,0.04043966080863059,4437.735096336901,0.001438620037594606
Ascomorpha,ON41,OS,0.029954109161537613,2393.3341931805016,5.990821832307522e-4,0.014977054580768806,1196.6670965902508,5.990821832307522e-4,0.021180753712525334,1692.3428376435672,5.990821832307522e-4,2,0.014977054580768805,1196.6670965902508,4.2361507425050664e-4
Ascomorpha,ON43N,NS,0.05394646848113552,3106.5551355415114,8.631434956981683e-4,0.02697323424056776,1553.2775677707557,8.631434956981683e-4,0.03814591368407728,2196.666202471297,8.631434956981683e-4,2,0.02697323424056776,1553.2775677707555,6.103346189452363e-4
Ascomorpha,ON49,OS,0.021979196529744102,1567.064055058662,4.3958393059488203e-4,0.010989598264872051,783.532027529331,4.3958393059488203e-4,0.015541638911213887,1108.0816198856692,4.3958393059488203e-4,2,0.01098959826487205,783.5320275293309,3.108327782242777e-4
Ascomorpha,ON55M,OS,0.016725034615226914,1029.8969769693292,3.345006923045383e-4,0.008362517307613457,514.9484884846646,3.345006923045383e-4,0.011826385392006691,728.2471363385382,3.345006923045383e-4,2,0.008362517307613457,514.9484884846645,2.365277078401338e-4
Ascomorpha,ON60,OS,0.06069479185066666,4565.333333333333,0.0012138958370133332,0.03034739592533333,2282.6666666666665,0.0012138958370133332,0.0429176989003124,3228.178158376985,0.0012138958370133332,2,0.030347395925333327,2282.6666666666665,8.583539780062479e-4
Ascomorpha,ON61N,NS,0.08642521390962798,6043.282163598603,0.0017285042781925598,0.04321260695481399,3021.6410817993014,0.0017285042781925598,0.055484297778063234,3204.934348878212,0.0017285042781925598,2,0.0392333232082422,2266.230811349476,0.0012222370964199176
Ascomorpha,ON62N,NS,0.0037954410664062356,357.4928063669309,7.590882132812471e-5,0.0018977205332031178,178.74640318346545,7.590882132812471e-5,0.0026837821156497506,252.7855876074662,7.590882132812471e-5,2,0.0018977205332031176,178.74640318346542,5.367564231299501e-5
Ascomorpha,ON63,OS,0.008634588201931135,741.5745216965025,1.7269176403862272e-4,0.004317294100965568,370.78726084825126,1.7269176403862272e-4,0.006105575870338864,524.3723730467674,1.7269176403862272e-4,2,0.004317294100965567,370.7872608482512,1.2211151740677728e-4
Ascomorpha,ON65b,NS,0.030836497164345028,2368.7826250141466,6.167299432869005e-4,0.015418248582172514,1184.3913125070733,6.167299432869005e-4,0.017218563007785848,1256.2366929782802,6.167299432869005e-4,2,0.012175362665093208,888.2934843803048,4.360939250589622e-4
Ascomorpha,ON67N,NS,0.025439025380207217,2054.5563584306374,5.087805076041443e-4,0.012719512690103608,1027.2781792153187,5.087805076041443e-4,0.007869818540932922,871.6744400257455,5.087805076041443e-4,2,0.005564802057001291,616.3669075291912,3.597621470624242e-4
Ascomorpha,ON67b,NS,0.29885249651424756,22264.441690646356,0.005977049930284951,0.14942624825712378,11132.220845323178,0.005977049930284951,0.2113206268597535,15743.337698788519,0.005977049930284951,2,0.14942624825712378,11132.220845323176,0.00422641253719507
Ascomorpha,ON68b,NS,0.03924057106297887,3171.679875492001,7.848114212595774e-4,0.019620285531489434,1585.8399377460005,7.848114212595774e-4,0.027747273896264964,2242.7163477132985,7.848114212595774e-4,2,0.01962028553148943,1585.8399377460003,5.549454779252993e-4
Ascomorpha,ON69b,NS,0.29996315779030003,17637.21625339697,0.0038995210512739005,0.14998157889515001,8818.608126698486,0.0038995210512739005,0.17688484421904235,11512.057120643623,0.0038995210512739005,2,0.1250764728364109,8140.253655413986,0.0027573777787354694
Ascomorpha,ON73N,NS,0.1014726528710634,7255.001070387714,0.002029453057421268,0.0507363264355317,3627.500535193857,0.002029453057421268,0.07175200095011752,5130.060454386814,0.002029453057421268,2,0.0507363264355317,3627.500535193857,0.0014350400190023503
Ascomorpha,ON84N,NS,0.015662622084948213,1385.4392495881057,3.1325244169896427e-4,0.007831311042474106,692.7196247940528,3.1325244169896427e-4,0.011075146287429062,979.6534883057512,3.1325244169896427e-4,2,0.007831311042474106,692.7196247940528,2.2150292574858125e-4
Asplanchna,ON12,OS,6.669078241437404,3632.432432432432,0.13338156482874808,3.334539120718702,1816.216216216216,0.13338156482874808,4.715750448784044,2568.517605174918,0.13338156482874808,2,3.3345391207187016,1816.2162162162158,0.09431500897568086
Asplanchna,ON17N,NS,0.5814398234131679,247.16908254078848,0.0063958380575448465,0.29071991170658396,123.58454127039424,0.0063958380575448465,0.41114004198735976,174.77493436424902,0.0063958380575448465,2,0.29071991170658396,123.58454127039423,0.004522540461860957
Asplanchna,ON25,OS,5.378961995688815,1661.3688061313344,0.10757923991377631,2.6894809978444076,830.6844030656672,0.10757923991377631,3.803500502896286,1174.7651488672652,0.10757923991377631,2,2.6894809978444076,830.6844030656672,0.07607001005792573
Asplanchna,ON29N,NS,1.3788033254189074,544.5005979328254,0.02757606650837815,0.6894016627094537,272.2502989664127,0.02757606650837815,0.9749611813262714,385.0200651584306,0.02757606650837815,2,0.6894016627094537,272.25029896641263,0.01949922362652543
Asplanchna,ON33,OS,9.749276998632942,3576.8511018961344,0.19498553997265883,4.874638499316471,1788.4255509480672,0.19498553997265883,6.893779877399385,2529.2156694453315,0.19498553997265883,2,4.874638499316471,1788.4255509480672,0.13787559754798767
Asplanchna,ON38N,NS,5.061732513338431,1901.8864698586722,0.08098772021341491,2.5308662566692157,950.9432349293361,0.08098772021341491,0.6929685473067383,448.27893996133713,0.08098772021341491,2,0.49000275894958545,316.9810783097787,0.0572669661557445
Asplanchna,ON41,OS,0.8829306880774477,265.9260214645002,0.017658613761548952,0.44146534403872384,132.9630107322501,0.017658613761548952,0.6243262768572676,188.0380930715075,0.017658613761548952,2,0.4414653440387238,132.9630107322501,0.01248652553714535
Asplanchna,ON43N,NS,0.5274279602261742,388.3193919426889,0.008438847363618787,0.2637139801130871,194.15969597134446,0.008438847363618787,0.37294788726331646,274.5832753089121,0.008438847363618787,2,0.2637139801130871,194.15969597134443,0.005967166196213063
Asplanchna,ON49,OS,1.1129132551534329,569.8414745667861,0.02225826510306866,0.5564566275767164,284.92073728339307,0.02225826510306866,0.7869485095913868,402.93877086751604,0.02225826510306866,2,0.5564566275767164,284.92073728339307,0.015738970191827736
Asplanchna,ON55M,OS,0.6799202851272307,514.9484884846646,0.013598405702544614,0.33996014256361534,257.4742442423323,0.013598405702544614,0.4807762442797557,364.1235681692691,0.013598405702544614,2,0.3399601425636153,257.47424424233225,0.009615524885595113
Asplanchna,ON60,OS,3.523981576471894,760.8888888888889,0.07047963152943788,1.761990788235947,380.44444444444446,0.07047963152943788,2.491831269499736,538.0296930628309,0.07047963152943788,2,1.7619907882359467,380.44444444444446,0.049836625389994726
Asplanchna,ON61N,NS,1.809809777919479,755.4102704498254,0.036196195558389585,0.9049048889597395,377.7051352249127,0.036196195558389585,1.2797287666245831,534.1557248130354,0.036196195558389585,2,0.9049048889597394,377.7051352249127,0.025594575332491667
Asplanchna,ON62N,NS,1.4227523006130298,357.4928063669309,0.028455046012260597,0.7113761503065149,178.74640318346545,0.028455046012260597,1.0060377997122347,252.7855876074662,0.028455046012260597,2,0.7113761503065148,178.74640318346542,0.020120755994244694
Asplanchna,ON63,OS,2.989740897127093,741.5745216965025,0.05979481794254186,1.4948704485635465,370.78726084825126,0.05979481794254186,2.1140660623493197,524.3723730467674,0.05979481794254186,2,1.4948704485635465,370.7872608482512,0.042281321246986386
Asplanchna,ON65b,NS,2.028613879869929,1184.3913125070733,0.040572277597398586,1.0143069399349645,592.1956562535366,0.040572277597398586,1.0712174600093407,418.7455643260934,0.040572277597398586,2,0.7574651300980341,296.09782812676826,0.028688932617303584
Asplanchna,ON67N,NS,0.708784790756393,410.91127168612746,0.01417569581512786,0.3543923953781965,205.45563584306373,0.01417569581512786,0.5011865319457336,290.5581466752485,0.01417569581512786,2,0.35439239537819645,205.4556358430637,0.010023730638914673
Asplanchna,ON67b,NS,7.9865742288911035,4770.9517908527905,0.15973148457782207,3.9932871144455517,2385.4758954263953,0.15973148457782207,5.647360795698621,3373.5723640261112,0.15973148457782207,2,3.9932871144455513,2385.4758954263953,0.11294721591397242
Asplanchna,ON68b,NS,0,0,0,0,0,0,0,0,0,2,0,0,0
Asplanchna,ON69b,NS,4.8579135173386785,1356.7089425689976,0.06315287572540282,2.4289567586693392,678.3544712844988,0.06315287572540282,0.47220574031199747,0,0.06315287572540282,2,0.33389988108982727,0,0.04465582667686364
Asplanchna,ON73N,NS,5.366481016453438,2902.000428155086,0.10732962032906876,2.683240508226719,1451.000214077543,0.10732962032906876,3.794675117843102,2052.0241817547258,0.10732962032906876,2,2.6832405082267186,1451.000214077543,0.07589350235686204
Asplanchna,ON84N,NS,8.439760476746056,2770.8784991762113,0.16879520953492114,4.219880238373028,1385.4392495881057,0.16879520953492114,5.967811864697345,1959.3069766115025,0.16879520953492114,2,4.219880238373028,1385.4392495881057,0.11935623729394691
Collotheca,ON12,OS,0.33139400302702693,16951.35135135135,0.006627880060540539,0.33139400302702693,16951.35135135135,0.006627880060540539,NA,NA,0.006627880060540539,1,NA,NA,0.006627880060540539
Collotheca,ON17N,NS,0.008959528262006376,659.1175534421026,9.855481088207013e-5,0.008959528262006376,659.1175534421026,9.855481088207013e-5,NA,NA,9.855481088207013e-5,1,NA,NA,9.855481088207013e-5
Collotheca,ON25,OS,0.3037530761587864,16613.688061313343,0.006075061523175727,0.3037530761587864,16613.688061313343,0.006075061523175727,NA,NA,0.006075061523175727,1,NA,NA,0.006075061523175727
Collotheca,ON29N,NS,0.015273405122195136,2178.0023917313015,3.0546810244390274e-4,0.015273405122195136,2178.0023917313015,3.0546810244390274e-4,NA,NA,3.0546810244390274e-4,1,NA,NA,3.0546810244390274e-4
Collotheca,ON33,OS,0.2833683740863632,11922.837006320447,0.005667367481727263,0.2833683740863632,11922.837006320447,0.005667367481727263,NA,NA,0.005667367481727263,1,NA,NA,0.005667367481727263
Collotheca,ON38N,NS,0.026618669900089084,1267.9243132391148,4.2589871840142534e-4,0.026618669900089084,1267.9243132391148,4.2589871840142534e-4,NA,NA,4.2589871840142534e-4,1,NA,NA,4.2589871840142534e-4
Collotheca,ON41,OS,0.030896412700076644,1861.4821502515013,6.179282540015328e-4,0.030896412700076644,1861.4821502515013,6.179282540015328e-4,NA,NA,6.179282540015328e-4,1,NA,NA,6.179282540015328e-4
Collotheca,ON43N,NS,0.014538118854409879,1164.9581758280667,2.3260990167055806e-4,0.014538118854409879,1164.9581758280667,2.3260990167055806e-4,NA,NA,2.3260990167055806e-4,1,NA,NA,2.3260990167055806e-4
Collotheca,ON49,OS,0.0018998286825466825,142.46036864169653,3.799657365093365e-5,0.0018998286825466825,142.46036864169653,3.799657365093365e-5,NA,NA,3.799657365093365e-5,1,NA,NA,3.799657365093365e-5
Collotheca,ON55M,OS,0.04329426327243887,3089.6909309079874,8.658852654487774e-4,0.04329426327243887,3089.6909309079874,8.658852654487774e-4,NA,NA,8.658852654487774e-4,1,NA,NA,8.658852654487774e-4
Collotheca,ON60,OS,0.02163769408,760.8888888888889,4.3275388159999995e-4,0.02163769408,760.8888888888889,4.3275388159999995e-4,NA,NA,4.3275388159999995e-4,1,NA,NA,4.3275388159999995e-4
Collotheca,ON61N,NS,0.02681649048916326,3777.0513522491265,5.363298097832652e-4,0.02681649048916326,3777.0513522491265,5.363298097832652e-4,NA,NA,5.363298097832652e-4,1,NA,NA,5.363298097832652e-4
Collotheca,ON62N,NS,0.019693889035595283,2144.956838201585,3.9387778071190566e-4,0.019693889035595283,2144.956838201585,3.9387778071190566e-4,NA,NA,3.9387778071190566e-4,1,NA,NA,3.9387778071190566e-4
Collotheca,ON63,OS,0.07866164233102091,4449.447130179015,0.0015732328466204182,0.07866164233102091,4449.447130179015,0.0015732328466204182,NA,NA,0.0015732328466204182,1,NA,NA,0.0015732328466204182
Collotheca,ON65b,NS,0.008322368357550016,1184.3913125070733,1.6644736715100032e-4,0.008322368357550016,1184.3913125070733,1.6644736715100032e-4,NA,NA,1.6644736715100032e-4,1,NA,NA,1.6644736715100032e-4
Collotheca,ON67N,NS,0.01429798642733616,1438.1894509014462,2.859597285467232e-4,0.01429798642733616,1438.1894509014462,2.859597285467232e-4,NA,NA,2.859597285467232e-4,1,NA,NA,2.859597285467232e-4
Collotheca,ON67b,NS,0.08576091184972506,7951.586318087984,0.0017152182369945012,0.08576091184972506,7951.586318087984,0.0017152182369945012,NA,NA,0.0017152182369945012,1,NA,NA,0.0017152182369945012
Collotheca,ON68b,NS,0.036578984004049256,1938.2488128006673,7.31579680080985e-4,0.036578984004049256,1938.2488128006673,7.31579680080985e-4,NA,NA,7.31579680080985e-4,1,NA,NA,7.31579680080985e-4
Collotheca,ON69b,NS,0.08192866149852342,4070.126827706993,0.0010650725994808044,0.08192866149852342,4070.126827706993,0.0010650725994808044,NA,NA,0.0010650725994808044,1,NA,NA,0.0010650725994808044
Collotheca,ON73N,NS,0.05436140380036806,4353.000642232629,0.0010872280760073612,0.05436140380036806,4353.000642232629,0.0010872280760073612,NA,NA,0.0010872280760073612,1,NA,NA,0.0010872280760073612
Collotheca,ON84N,NS,0.018040705004398958,2424.518686779185,3.6081410008797913e-4,0.018040705004398958,2424.518686779185,3.6081410008797913e-4,NA,NA,3.6081410008797913e-4,1,NA,NA,3.6081410008797913e-4
Conochilus,ON12,OS,1.5804378962854055,73859.45945945945,0.03160875792570811,1.5804378962854055,73859.45945945945,0.03160875792570811,NA,NA,0.03160875792570811,1,NA,NA,0.03160875792570811
Conochilus,ON17N,NS,0.45819154641072984,22986.72467629333,0.005040107010518028,0.45819154641072984,22986.72467629333,0.005040107010518028,NA,NA,0.005040107010518028,1,NA,NA,0.005040107010518028
Conochilus,ON25,OS,3.8815904568159407,212655.2071848108,0.07763180913631883,3.8815904568159407,212655.2071848108,0.07763180913631883,NA,NA,0.07763180913631883,1,NA,NA,0.07763180913631883
Conochilus,ON29N,NS,0.1997017457873688,13612.514948320635,0.003994034915747376,0.1997017457873688,13612.514948320635,0.003994034915747376,NA,NA,0.003994034915747376,1,NA,NA,0.003994034915747376
Conochilus,ON33,OS,3.6145691547432204,172881.1365916465,0.07229138309486441,3.6145691547432204,172881.1365916465,0.07229138309486441,NA,NA,0.07229138309486441,1,NA,NA,0.07229138309486441
Conochilus,ON38N,NS,1.055796138342888,87803.75869180869,0.01689273821348621,1.055796138342888,87803.75869180869,0.01689273821348621,NA,NA,0.01689273821348621,1,NA,NA,0.01689273821348621
Conochilus,ON41,OS,0.6498959619116763,32974.826661598025,0.012997919238233527,0.6498959619116763,32974.826661598025,0.012997919238233527,NA,NA,0.012997919238233527,1,NA,NA,0.012997919238233527
Conochilus,ON43N,NS,0.27909614749510525,13591.178717994113,0.004465538359921684,0.27909614749510525,13591.178717994113,0.004465538359921684,NA,NA,0.004465538359921684,1,NA,NA,0.004465538359921684
Conochilus,ON49,OS,0.5274482616664418,28207.152991055915,0.010548965233328836,0.5274482616664418,28207.152991055915,0.010548965233328836,NA,NA,0.010548965233328836,1,NA,NA,0.010548965233328836
Conochilus,ON55M,OS,1.1132087412724845,67973.20047997573,0.02226417482544969,1.1132087412724845,67973.20047997573,0.02226417482544969,NA,NA,0.02226417482544969,1,NA,NA,0.02226417482544969
Conochilus,ON60,OS,1.5386130090239996,79893.33333333333,0.030772260180479988,1.5386130090239996,79893.33333333333,0.030772260180479988,NA,NA,0.030772260180479988,1,NA,NA,0.030772260180479988
Conochilus,ON61N,NS,2.232487106699901,177521.41355570895,0.04464974213399802,2.232487106699901,177521.41355570895,0.04464974213399802,NA,NA,0.04464974213399802,1,NA,NA,0.04464974213399802
Conochilus,ON62N,NS,0.4102363627843168,23058.28601066704,0.008204727255686337,0.4102363627843168,23058.28601066704,0.008204727255686337,NA,NA,0.008204727255686337,1,NA,NA,0.008204727255686337
Conochilus,ON63,OS,2.629652349167213,100854.13495072434,0.05259304698334426,2.629652349167213,100854.13495072434,0.05259304698334426,NA,NA,0.05259304698334426,1,NA,NA,0.05259304698334426
Conochilus,ON65b,NS,0.3051404160177386,24280.021906395003,0.006102808320354773,0.3051404160177386,24280.021906395003,0.006102808320354773,NA,NA,0.006102808320354773,1,NA,NA,0.006102808320354773
Conochilus,ON67N,NS,0.235224144216948,19518.285405091054,0.00470448288433896,0.235224144216948,19518.285405091054,0.00470448288433896,NA,NA,0.00470448288433896,1,NA,NA,0.00470448288433896
Conochilus,ON67b,NS,2.843628998013114,200379.9752158172,0.056872579960262286,2.843628998013114,200379.9752158172,0.056872579960262286,NA,NA,0.056872579960262286,1,NA,NA,0.056872579960262286
Conochilus,ON68b,NS,0.1937183045017803,8986.426313894002,0.003874366090035606,0.1937183045017803,8986.426313894002,0.003874366090035606,NA,NA,0.003874366090035606,1,NA,NA,0.003874366090035606
Conochilus,ON69b,NS,0.6016872848505082,37648.67315628968,0.007821934703056605,0.6016872848505082,37648.67315628968,0.007821934703056605,NA,NA,0.007821934703056605,1,NA,NA,0.007821934703056605
Conochilus,ON73N,NS,1.0670095650755642,65778.67637151528,0.021340191301511283,1.0670095650755642,65778.67637151528,0.021340191301511283,NA,NA,0.021340191301511283,1,NA,NA,0.021340191301511283
Conochilus,ON84N,NS,0.7775953600207656,55071.2101711272,0.015551907200415311,0.7775953600207656,55071.2101711272,0.015551907200415311,NA,NA,0.015551907200415311,1,NA,NA,0.015551907200415311
Gastropus,ON12,OS,0.05260694486486487,2421.6216216216217,0.0010521388972972974,0.05260694486486487,2421.6216216216217,0.0010521388972972974,NA,NA,0.0010521388972972974,1,NA,NA,0.0010521388972972974
Gastropus,ON17N,NS,0.07151080006629071,4201.874403193404,7.866188007291978e-4,0.07151080006629071,4201.874403193404,7.866188007291978e-4,NA,NA,7.866188007291978e-4,1,NA,NA,7.866188007291978e-4
Gastropus,ON25,OS,0.044225637619216114,1661.3688061313344,8.845127523843222e-4,0.044225637619216114,1661.3688061313344,8.845127523843222e-4,NA,NA,8.845127523843222e-4,1,NA,NA,8.845127523843222e-4
Gastropus,ON29N,NS,0.011899810097546851,544.5005979328254,2.3799620195093701e-4,0.011899810097546851,544.5005979328254,2.3799620195093701e-4,NA,NA,2.3799620195093701e-4,1,NA,NA,2.3799620195093701e-4
Gastropus,ON33,OS,0.011316012294046763,1192.2837006320447,2.2632024588093526e-4,0.011316012294046763,1192.2837006320447,2.2632024588093526e-4,NA,NA,2.2632024588093526e-4,1,NA,NA,2.2632024588093526e-4
Gastropus,ON38N,NS,0.11864674032820871,5071.697252956459,0.0018983478452513393,0.11864674032820871,5071.697252956459,0.0018983478452513393,NA,NA,0.0018983478452513393,1,NA,NA,0.0018983478452513393
Gastropus,ON41,OS,0.1301209157408074,5052.594407825503,0.002602418314816148,0.1301209157408074,5052.594407825503,0.002602418314816148,NA,NA,0.002602418314816148,1,NA,NA,0.002602418314816148
Gastropus,ON43N,NS,0.038350927963469485,1941.5969597134447,6.136148474155117e-4,0.038350927963469485,1941.5969597134447,6.136148474155117e-4,NA,NA,6.136148474155117e-4,1,NA,NA,6.136148474155117e-4
Gastropus,ON49,OS,0.026236393290962536,1139.6829491335723,5.247278658192507e-4,0.026236393290962536,1139.6829491335723,5.247278658192507e-4,NA,NA,5.247278658192507e-4,1,NA,NA,5.247278658192507e-4
Gastropus,ON55M,OS,0.10221625536619873,5149.484884846646,0.002044325107323975,0.10221625536619873,5149.484884846646,0.002044325107323975,NA,NA,0.002044325107323975,1,NA,NA,0.002044325107323975
Gastropus,ON60,OS,0.02495946865777778,1141.3333333333333,4.991893731555555e-4,0.02495946865777778,1141.3333333333333,4.991893731555555e-4,NA,NA,4.991893731555555e-4,1,NA,NA,4.991893731555555e-4
Gastropus,ON61N,NS,0.14385261161150079,4532.461622698952,0.0028770522322300158,0.14385261161150079,4532.461622698952,0.0028770522322300158,NA,NA,0.0028770522322300158,1,NA,NA,0.0028770522322300158
Gastropus,ON62N,NS,0.029820938104501576,1966.2104350181198,5.964187620900315e-4,0.029820938104501576,1966.2104350181198,5.964187620900315e-4,NA,NA,5.964187620900315e-4,1,NA,NA,5.964187620900315e-4
Gastropus,ON63,OS,0.05559342435864607,2224.7235650895077,0.0011118684871729214,0.05559342435864607,2224.7235650895077,0.0011118684871729214,NA,NA,0.0011118684871729214,1,NA,NA,0.0011118684871729214
Gastropus,ON65b,NS,0.015222590690520288,888.2934843803049,3.0445181381040575e-4,0.015222590690520288,888.2934843803049,3.0445181381040575e-4,NA,NA,3.0445181381040575e-4,1,NA,NA,3.0445181381040575e-4
Gastropus,ON67N,NS,0.05672142353947499,3081.834537645956,0.0011344284707894999,0.05672142353947499,3081.834537645956,0.0011344284707894999,NA,NA,0.0011344284707894999,1,NA,NA,0.0011344284707894999
Gastropus,ON67b,NS,0.2176557824885668,9541.903581705581,0.004353115649771336,0.2176557824885668,9541.903581705581,0.004353115649771336,NA,NA,0.004353115649771336,1,NA,NA,0.004353115649771336
Gastropus,ON68b,NS,0.0266719635099387,881.022187636667,5.33439270198774e-4,0.0266719635099387,881.022187636667,5.33439270198774e-4,NA,NA,5.33439270198774e-4,1,NA,NA,5.33439270198774e-4
Gastropus,ON69b,NS,0.34933397393925736,14923.798368258975,0.004541341661210346,0.34933397393925736,14923.798368258975,0.004541341661210346,NA,NA,0.004541341661210346,1,NA,NA,0.004541341661210346
Gastropus,ON73N,NS,0.10714689561489601,4836.667380258476,0.00214293791229792,0.10714689561489601,4836.667380258476,0.00214293791229792,NA,NA,0.00214293791229792,1,NA,NA,0.00214293791229792
Gastropus,ON84N,NS,0.02326255715282524,1039.0794371910793,4.652511430565048e-4,0.02326255715282524,1039.0794371910793,4.652511430565048e-4,NA,NA,4.652511430565048e-4,1,NA,NA,4.652511430565048e-4
Kellicottia,ON12,OS,0.8366953746979459,131978.37837837837,0.016733907493958918,0.8366953746979459,131978.37837837837,0.016733907493958918,NA,NA,0.016733907493958918,1,NA,NA,0.016733907493958918
Kellicottia,ON17N,NS,0.04661630655705679,4366.653791553929,5.127793721276247e-4,0.04661630655705679,4366.653791553929,5.127793721276247e-4,NA,NA,5.127793721276247e-4,1,NA,NA,5.127793721276247e-4
Kellicottia,ON25,OS,0.6133012654300162,96359.3907556174,0.012266025308600322,0.6133012654300162,96359.3907556174,0.012266025308600322,NA,NA,0.012266025308600322,1,NA,NA,0.012266025308600322
Kellicottia,ON29N,NS,0.12987828015488317,14701.516144186286,0.002597565603097664,0.12987828015488317,14701.516144186286,0.002597565603097664,NA,NA,0.002597565603097664,1,NA,NA,0.002597565603097664
Kellicottia,ON33,OS,0.9866843312460031,139497.19297394925,0.01973368662492006,0.9866843312460031,139497.19297394925,0.01973368662492006,NA,NA,0.01973368662492006,1,NA,NA,0.01973368662492006
Kellicottia,ON38N,NS,0.08469631771412432,10777.356662532475,0.0013551410834259892,0.08469631771412432,10777.356662532475,0.0013551410834259892,NA,NA,0.0013551410834259892,1,NA,NA,0.0013551410834259892
Kellicottia,ON41,OS,0.12745471198380445,17551.117416657013,0.002549094239676089,0.12745471198380445,17551.117416657013,0.002549094239676089,NA,NA,0.002549094239676089,1,NA,NA,0.002549094239676089
Kellicottia,ON43N,NS,0.22156325741785599,18639.330813249067,0.003545012118685696,0.22156325741785599,18639.330813249067,0.003545012118685696,NA,NA,0.003545012118685696,1,NA,NA,0.003545012118685696
Kellicottia,ON49,OS,0.03983128677789893,7123.0184320848275,7.966257355579787e-4,0.03983128677789893,7123.0184320848275,7.966257355579787e-4,NA,NA,7.966257355579787e-4,1,NA,NA,7.966257355579787e-4
Kellicottia,ON55M,OS,0.08052357678226399,13388.66070060128,0.0016104715356452797,0.08052357678226399,13388.66070060128,0.0016104715356452797,NA,NA,0.0016104715356452797,1,NA,NA,0.0016104715356452797
Kellicottia,ON60,OS,0.0844936821456,13696,0.001689873642912,0.0844936821456,13696,0.001689873642912,NA,NA,0.001689873642912,1,NA,NA,0.001689873642912
Kellicottia,ON61N,NS,0.027597016628953846,3021.6410817993014,5.519403325790769e-4,0.027597016628953846,3021.6410817993014,5.519403325790769e-4,NA,NA,5.519403325790769e-4,1,NA,NA,5.519403325790769e-4
Kellicottia,ON62N,NS,0.021150433824781403,2323.7032413850507,4.2300867649562807e-4,0.021150433824781403,2323.7032413850507,4.2300867649562807e-4,NA,NA,4.2300867649562807e-4,1,NA,NA,4.2300867649562807e-4
Kellicottia,ON63,OS,0.024450560556643124,4449.447130179015,4.890112111328625e-4,0.024450560556643124,4449.447130179015,4.890112111328625e-4,NA,NA,4.890112111328625e-4,1,NA,NA,4.890112111328625e-4
Kellicottia,ON65b,NS,0.13138662342305313,13028.304437577806,0.0026277324684610627,0.13138662342305313,13028.304437577806,0.0026277324684610627,NA,NA,0.0026277324684610627,1,NA,NA,0.0026277324684610627
Kellicottia,ON67N,NS,0.03607437878554507,5136.390896076593,7.214875757109014e-4,0.03607437878554507,5136.390896076593,7.214875757109014e-4,NA,NA,7.214875757109014e-4,1,NA,NA,7.214875757109014e-4
Kellicottia,ON67b,NS,1.8167056623634026,151080.1400436717,0.03633411324726805,1.8167056623634026,151080.1400436717,0.03633411324726805,NA,NA,0.03633411324726805,1,NA,NA,0.03633411324726805
Kellicottia,ON68b,NS,0.06616011153192584,8810.22187636667,0.0013232022306385169,0.06616011153192584,8810.22187636667,0.0013232022306385169,NA,NA,0.0013232022306385169,1,NA,NA,0.0013232022306385169
Kellicottia,ON69b,NS,0.1905881085476449,14923.798368258975,0.002477645411119384,0.1905881085476449,14923.798368258975,0.002477645411119384,NA,NA,0.002477645411119384,1,NA,NA,0.002477645411119384
Kellicottia,ON73N,NS,0.02462297168113684,3869.333904206781,4.924594336227368e-4,0.02462297168113684,3869.333904206781,4.924594336227368e-4,NA,NA,4.924594336227368e-4,1,NA,NA,4.924594336227368e-4
Kellicottia,ON84N,NS,0.035925914825915804,4156.317748764317,7.185182965183161e-4,0.035925914825915804,4156.317748764317,7.185182965183161e-4,NA,NA,7.185182965183161e-4,1,NA,NA,7.185182965183161e-4
Keratella,ON12,OS,1.4251149980540538,190097.29729729728,0.028502299961081078,0.2850229996108108,38019.45945945946,0.028502299961081078,0.4733953819365714,67602.94096757406,0.028502299961081078,5,0.21170885084892993,30232.9542964802,0.01274661604561338
Keratella,ON17N,NS,0.01110548451073828,4119.484709013141,1.2216032961812108e-4,0.002221096902147656,823.8969418026282,1.2216032961812108e-4,0.003098202087148291,1327.2158878633581,1.2216032961812108e-4,5,0.0013855580949790613,593.5489892160414,5.463176023597993e-5
Keratella,ON25,OS,1.7445092144425292,204348.36315415413,0.03489018428885058,0.34890184288850584,40869.67263083083,0.03489018428885058,0.596894156384019,57534.71534270867,0.03489018428885058,5,0.2669391818094113,25730.306914479337,0.01560336476347301
Keratella,ON29N,NS,0.1830976570527592,71874.07892713296,0.003661953141055184,0.03661953141055184,14374.81578542659,0.003661953141055184,0.036859142168303625,23891.72825440979,0.003661953141055184,5,0.01648390949613118,10684.705695362536,0.0016376752307636533
Keratella,ON33,OS,0.31708342752593316,133535.774470789,0.006341668550518663,0.06341668550518663,26707.154894157804,0.006341668550518663,0.05681150028289434,39924.594876812655,0.006341668550518663,5,0.025406875307260053,17854.821623738586,0.002836080393946458
Keratella,ON38N,NS,0.049578755415456865,16166.034993798712,7.932600866473098e-4,0.009915751083091373,3233.2069987597424,7.932600866473098e-4,0.01896772079609162,5224.902103250073,7.932600866473098e-4,5,0.008482622615659458,2336.6472557297575,3.547566955161516e-4
Keratella,ON41,OS,0.07002866969680217,23135.563867411518,0.0014005733939360433,0.014005733939360434,4627.112773482303,0.0014005733939360433,0.022497355868735133,7077.3301752963,0.0014005733939360433,5,0.010061123407299118,3165.0782742346055,6.263554632637169e-4
Keratella,ON43N,NS,0.16089016622319888,59801.1863591741,0.002574242659571182,0.032178033244639775,11960.23727183482,0.002574242659571182,0.03680386790503818,14952.565816620348,0.002574242659571182,5,0.01645919009411763,6686.990720800551,0.0011512363154762024
Keratella,ON49,OS,0.0337885112999073,12678.972809110992,6.75770225998146e-4,0.00675770225998146,2535.7945618221984,6.75770225998146e-4,0.004426976067715361,3123.425307853054,6.75770225998146e-4,5,0.0019798038844352516,1396.8382622005272,3.0221363250045003e-4
Keratella,ON55M,OS,0.11583010716040223,41195.87907877316,0.0023166021432080445,0.023166021432080446,8239.175815754634,0.0023166021432080445,0.031000866227501107,9467.212772400997,0.0023166021432080445,5,0.013864008849213986,4233.866263308575,0.001036015973806978
Keratella,ON60,OS,0.06125030979022222,30816,0.0012250061958044443,0.012250061958044444,6163.2,0.0012250061958044443,0.012049685639807848,7037.708089329742,0.0012250061958044443,5,0.005388783239622679,3147.3587387082925,5.47839425335431e-4
Keratella,ON61N,NS,0.13365792970150586,42302.97514519021,0.002673158594030117,0.02673158594030117,8460.595029038042,0.002673158594030117,0.046312956537704106,12126.629094099804,0.002673158594030117,5,0.020711783811459935,5423.193398466771,0.0011954728661778208
Keratella,ON62N,NS,0.03912303484297437,18232.133124713473,7.824606968594874e-4,0.007824606968594876,3646.4266249426946,7.824606968594874e-4,0.010749468627287085,6047.865467261531,7.824606968594874e-4,5,0.004807308514523054,2704.6876607140625,3.49927061579934e-4
Keratella,ON63,OS,0.1491633191338018,60067.5362574167,0.0029832663826760354,0.029832663826760357,12013.507251483341,0.0029832663826760354,0.0421467027093672,13228.325963824522,0.0029832663826760354,5,0.018848578457123923,5915.88721672741,0.0013341572853307032
Keratella,ON65b,NS,0.09091244400494504,28425.39150016976,0.0018182488800989008,0.018182488800989008,5685.078300033952,0.0018182488800989008,0.015803593734697217,8526.38361984118,0.0018182488800989008,5,0.00706758197591455,3813.11467524112,8.131456191828013e-4
Keratella,ON67N,NS,0.04561539574732329,20956.4748559925,9.123079149464658e-4,0.009123079149464659,4191.2949711985,9.123079149464658e-4,0.011887777066760358,5299.401454388553,9.123079149464658e-4,5,0.005316375524527843,2369.964378414811,4.0799650284627876e-4
Keratella,ON67b,NS,1.9046070385114864,201970.29247943478,0.038092140770229724,0.38092140770229727,40394.05849588696,0.038092140770229724,0.6427070953360271,69562.52042379198,0.038092140770229724,5,0.2874273509585589,31109.30487076327,0.017035323234144972
Keratella,ON68b,NS,0.0830074791445751,21320.73694080734,0.001660149582891502,0.01660149582891502,4264.147388161468,0.001660149582891502,0.019248236424165382,6436.167079538022,0.001660149582891502,5,0.008608073018284253,2878.3414208786626,7.424414640326641e-4
Keratella,ON69b,NS,0.047216095076496045,16280.507310827972,6.138092359944485e-4,0.009443219015299209,3256.1014621655945,6.138092359944485e-4,0.011616357433577126,3311.1064753425835,6.138092359944485e-4,5,0.0051949929744826906,1480.7718319211494,2.7450383538015947e-4
Keratella,ON73N,NS,0.12893734535538012,46915.67358850722,0.0025787469071076024,0.025787469071076027,9383.134717701445,0.0025787469071076024,0.0308016971140314,9652.757037039843,0.0025787469071076024,5,0.01377493771386666,4316.844181022108,0.0011532506762119868
Keratella,ON84N,NS,0.07144824120940962,30826.02330333535,0.0014289648241881925,0.014289648241881924,6165.20466066707,0.0014289648241881925,0.01764399154795958,8263.422178564759,0.0014289648241881925,5,0.007890632899133873,3695.514743610041,6.390524968681668e-4
Ploesoma,ON12,OS,1.2790552077837842,4843.243243243243,0.025581104155675684,0.426351735927928,1614.4144144144145,0.025581104155675684,0.7014674315196134,1398.1238951186613,0.025581104155675684,3,0.40499241041560424,807.2072072072073,0.014769257370447212
Ploesoma,ON17N,NS,0.14531979780017315,659.1175534421026,0.0015985177758019047,0.04843993260005772,219.70585114736753,0.0015985177758019047,0.07192810706774906,190.27084845370274,0.0015985177758019047,3,0.041527711977865145,109.85292557368378,9.229046681636316e-4
Ploesoma,ON25,OS,0.2443229733406817,1661.3688061313344,0.004886459466813634,0.08144099111356057,553.7896020437781,0.004886459466813634,0.14105993442745235,959.1917274431731,0.004886459466813634,3,0.08144099111356058,553.7896020437782,0.002821198688549047
Ploesoma,ON29N,NS,0.14591112658448827,1089.0011958656507,0.0029182225316897654,0.04863704219482942,363.00039862188356,0.0029182225316897654,0.07899689953792183,314.3675667904289,0.0029182225316897654,3,0.045608881213364996,181.50019931094178,0.0016848365642263172
Ploesoma,ON33,OS,0.10729256101022115,1192.2837006320447,0.002145851220204423,0.03576418700340705,397.42790021068157,0.002145851220204423,0.06194538898129553,688.3653155103142,0.002145851220204423,3,0.035764187003407055,397.42790021068157,0.0012389077796259107
Ploesoma,ON38N,NS,0.5764630696177198,2535.8486264782296,0.009223409113883516,0.1921543565392399,845.2828754927431,0.009223409113883516,0.3074946004357312,659.8487331915778,0.009223409113883516,3,0.17753209033592582,380.96384373259104,0.0053251377347466955
Ploesoma,ON41,OS,0.5364182865657995,15955.56128787001,0.01072836573131599,0.17880609552193316,5318.520429290003,0.01072836573131599,0.18532526051380213,8982.633043028143,0.01072836573131599,3,0.10699758904528119,5186.125605423926,0.0061940248429400435
Ploesoma,ON43N,NS,0.20406880691577448,8154.707230796468,0.0032651009106523915,0.06802293563859149,2718.235743598823,0.0032651009106523915,0.1011956439776261,4054.1734752354428,0.0032651009106523915,3,0.05842533229129997,2340.6781472686234,0.0018851068896964505
Ploesoma,ON49,OS,0.025631933946815816,1282.1433177752688,5.126386789363163e-4,0.008543977982271939,427.3811059250896,5.126386789363163e-4,0.010840387945154774,376.9147071085135,5.126386789363163e-4,3,0.006258700898255083,217.61180761062923,2.959720792808964e-4
Ploesoma,ON55M,OS,0.9127413295758519,14418.557677570609,0.01825482659151704,0.3042471098586173,4806.1858925235365,0.01825482659151704,0.22171534043112162,2928.121055209646,0.01825482659151704,3,0.1280074114813776,1690.5514794451,0.010539429046622301
Ploesoma,ON60,OS,0.2024587764622222,3804.4444444444443,0.004049175529244445,0.06748625882074075,1268.1481481481483,0.004049175529244445,0.0710187532182686,1876.6878800634256,0.004049175529244445,3,0.04100269628807898,1083.5062527395269,0.0023377925818053257
Ploesoma,ON61N,NS,0.1728673610958784,3021.6410817993014,0.003457347221917568,0.05762245369862614,1007.2136939331004,0.003457347221917568,0.07978587846946032,1153.9082483611292,0.003457347221917568,3,0.04606439841187369,666.2092378114274,0.001996100349256113
Ploesoma,ON62N,NS,0.03819970792807909,536.2392095503964,7.639941585615819e-4,0.012733235976026365,178.74640318346545,7.639941585615819e-4,0.012516004807563399,178.74640318346545,7.639941585615819e-4,3,0.007226118744825379,103.19928399465117,4.4109223310483093e-4
Ploesoma,ON63,OS,0.4570314507534024,741.5745216965025,0.009140629015068048,0.1523438169178008,247.1915072321675,0.009140629015068048,0.26386723112060206,428.14824972564367,0.009140629015068048,3,0.1523438169178008,247.1915072321675,0.005277344622412042
Ploesoma,ON65b,NS,0.11211151474168171,2368.7826250141466,0.0022422302948336345,0.037370504913893904,789.5942083380488,0.0022422302948336345,0.03240208443362101,1121.0082848816264,0.0022422302948336345,3,0.018707352170056073,647.2144350402077,0.001294552264307333
Ploesoma,ON67N,NS,0.34046162676861236,8218.22543372255,0.006809232535372247,0.11348720892287079,2739.4084779075165,0.006809232535372247,0.030010213364252827,3346.678281846214,0.006809232535372247,3,0.017326404764289476,1932.205606914986,0.0039313122372719245
Ploesoma,ON67b,NS,1.6886770027963258,4770.9517908527905,0.03377354005592652,0.5628923342654419,1590.3172636175968,0.03377354005592652,0.9749581221387892,2754.5103007395855,0.03377354005592652,3,0.562892334265442,1590.3172636175968,0.019499162442775785
Ploesoma,ON68b,NS,0.12506972650428624,352.4088750546668,0.002501394530085725,0.041689908834762084,117.46962501822226,0.002501394530085725,0.07220904026472254,203.46335887762507,0.002501394530085725,3,0.041689908834762084,117.46962501822227,0.001444180805294451
Ploesoma,ON69b,NS,0.4386436055767771,2374.240649495746,0.005702366872498103,0.14621453519225905,791.4135498319152,0.005702366872498103,0.2532510037580603,1370.7684781073208,0.005702366872498103,3,0.14621453519225905,791.4135498319154,0.003292263048854784
Ploesoma,ON73N,NS,0.29081602481205604,11124.334974594496,0.005816320496241121,0.096938674937352,3708.111658198165,0.005816320496241121,0.12696002766562334,5605.806689776928,0.005816320496241121,3,0.07330040614906998,3236.514001367714,0.003358054204197949
Ploesoma,ON84N,NS,0.0359433440603802,1385.4392495881057,7.18866881207604e-4,0.011981114686793401,461.8130831960352,7.18866881207604e-4,0.020751899368835845,799.8837236955659,7.18866881207604e-4,3,0.011981114686793401,461.8130831960352,4.1503798737671695e-4
Polyarthra,ON12,OS,0.1980197569037838,4843.243243243243,0.003960395138075676,0.0660065856345946,1614.4144144144145,0.003960395138075676,0.08133728735977247,1398.1238951186613,0.003960395138075676,3,0.046960104752318585,807.2072072072073,0.002286535199065277
Polyarthra,ON17N,NS,0.058474445724747956,2059.742354506571,6.432189029722275e-4,0.019491481908249318,686.5807848355236,6.432189029722275e-4,0.03276206825064646,1118.6000363603055,6.432189029722275e-4,3,0.018915188923719628,645.8240321081475,3.713626067788713e-4
Polyarthra,ON25,OS,0.09231449798982337,4984.106418394003,0.0018462899597964674,0.030771499329941124,1661.3688061313344,0.0018462899597964674,0.05329780026452969,2877.5751823295195,0.0018462899597964674,3,0.030771499329941124,1661.3688061313346,0.0010659560052905938
Polyarthra,ON29N,NS,0.03275511409439653,544.5005979328254,6.551022818879305e-4,0.010918371364798842,181.50019931094178,6.551022818879305e-4,0.01891117393973674,314.3675667904289,6.551022818879305e-4,3,0.010918371364798844,181.50019931094178,3.782234787947348e-4
Polyarthra,ON33,OS,0.04943836556330691,2384.5674012640893,9.887673112661383e-4,0.01647945518776897,794.8558004213631,9.887673112661383e-4,0.014574076732816242,688.3653155103142,9.887673112661383e-4,3,0.008414347124881719,397.42790021068157,5.708650733254074e-4
Polyarthra,ON38N,NS,0,0,0,0,0,0,0,0,0,3,0,0,0
Polyarthra,ON41,OS,0.5171463524557832,9839.262794186507,0.010342927049115665,0.17238211748526105,3279.7542647288356,0.010342927049115665,0.1548644944423282,2929.2126471497063,0.010342927049115665,3,0.08941105755419348,1691.1817103455394,0.005971491716015591
Polyarthra,ON43N,NS,0.09604953194794023,4271.513311369578,0.0015367925111670437,0.032016510649313414,1423.837770456526,0.0015367925111670437,0.0381725674843687,1569.3741382876428,0.0015367925111670437,3,0.022038942112759426,906.0785811996076,8.872675700108937e-4
Polyarthra,ON49,OS,0.0383015929249616,1139.6829491335723,7.660318584992321e-4,0.012767197641653868,379.8943163778574,7.660318584992321e-4,0.014290259214250752,435.22361522125846,7.660318584992321e-4,3,0.008250485004137203,251.2764714056757,4.42268699712361e-4
Polyarthra,ON55M,OS,0.3644528402463325,8754.124304239298,0.00728905680492665,0.12148428008211083,2918.0414347464325,0.00728905680492665,0.12049782032557119,2836.1151285476353,0.00728905680492665,3,0.06956944900173169,1637.4318329197474,0.004208338908462875
Polyarthra,ON60,OS,0.7502122529713778,15217.77777777778,0.015004245059427558,0.2500707509904593,5072.592592592593,0.015004245059427558,0.2246587512367224,4570.614229642882,0.015004245059427558,3,0.12970679050232686,2638.845355846252,0.008662704924047613
Polyarthra,ON61N,NS,0.4873832856458946,14352.79513854668,0.009747665712917892,0.1624610952152982,4784.265046182227,0.009747665712917892,0.20388194364547008,5359.332862146893,0.009747665712917892,3,0.11771129504661626,3094.212270637316,0.005627817423323631
Polyarthra,ON62N,NS,0.7699252712805055,20913.329172465455,0.01539850542561011,0.25664175709350184,6971.1097241551515,0.01539850542561011,0.44451656262969547,12074.316227374184,0.01539850542561011,3,0.25664175709350184,6971.1097241551515,0.00889033125259391
Polyarthra,ON63,OS,3.181620580041608,62292.25982250621,0.06363241160083216,1.0605401933472027,20764.08660750207,0.06363241160083216,1.0163244981574755,20063.668371958258,0.06363241160083216,3,0.5867752225952299,11583.76433548148,0.036738189966925516
Polyarthra,ON65b,NS,0.0849339867950911,2664.8804531409146,0.001698679735901822,0.02831132893169703,888.2934843803049,0.001698679735901822,0.03256462814698971,1025.7129646527192,0.001698679735901822,3,0.018801196826724573,592.1956562535365,9.807332027898794e-4
Polyarthra,ON67N,NS,0.18742188254427714,5341.846531919657,0.0037484376508855424,0.062473960848092376,1780.6155106398858,0.0037484376508855424,0.06534813926166293,2108.6328732694815,0.0037484376508855424,3,0.03772876579376225,1217.4197570042293,0.0021641614867792965
Polyarthra,ON67b,NS,0.06578864214064867,3180.6345272351937,0.0013157728428129733,0.021929547380216224,1060.211509078398,0.0013157728428129733,0.03798309024952346,1836.3402004930572,0.0013157728428129733,3,0.02192954738021622,1060.211509078398,7.596618049904693e-4
Polyarthra,ON68b,NS,0.07795108823637631,2819.2710004373344,0.0015590217647275264,0.025983696078792105,939.7570001457781,0.0015590217647275264,0.02256133376112089,970.4583704266554,0.0015590217647275264,3,0.01302579212026014,560.2944014031551,9.001016355379228e-4
Polyarthra,ON69b,NS,0.34538559654400586,7461.899184129487,0.004490012755072076,0.11512853218133529,2487.2997280431623,0.004490012755072076,0.14173251620340613,2963.3558765777257,0.004490012755072076,3,0.08182930638295953,1710.8943130468094,0.0025923100728057163
Polyarthra,ON73N,NS,1.1062169887535456,34340.33839983518,0.022124339775070914,0.3687389962511819,11446.779466611728,0.022124339775070914,0.3362180494621109,10149.32134508275,0.022124339775070914,3,0.19411558136336066,5859.71341067554,0.012773493524779937
Polyarthra,ON84N,NS,0.6929100194479386,20088.86911902753,0.013858200388958773,0.2309700064826462,6696.289706342511,0.013858200388958773,0.4000517862524562,11598.313993585705,0.013858200388958773,3,0.23097000648264623,6696.289706342511,0.008001035725049125
Synchaeta,ON12,OS,0.10872616129729731,4843.243243243243,0.0021745232259459462,0.10872616129729731,4843.243243243243,0.0021745232259459462,NA,NA,0.0021745232259459462,1,NA,NA,0.0021745232259459462
Synchaeta,ON17N,NS,0.06338884614151828,3295.587767210513,6.972773075567012e-4,0.06338884614151828,3295.587767210513,6.972773075567012e-4,NA,NA,6.972773075567012e-4,1,NA,NA,6.972773075567012e-4
Synchaeta,ON25,OS,0,0,0,0,0,0,NA,NA,0,1,NA,NA,0
Synchaeta,ON29N,NS,0.023149595381281494,544.5005979328254,4.629919076256299e-4,0.023149595381281494,544.5005979328254,4.629919076256299e-4,NA,NA,4.629919076256299e-4,1,NA,NA,4.629919076256299e-4
Synchaeta,ON33,OS,0.19120009873837762,4769.134802528179,0.0038240019747675523,0.19120009873837762,4769.134802528179,0.0038240019747675523,NA,NA,0.0038240019747675523,1,NA,NA,0.0038240019747675523
Synchaeta,ON38N,NS,0.12248749545033245,3486.791861407565,0.0019597999272053194,0.12248749545033245,3486.791861407565,0.0019597999272053194,NA,NA,0.0019597999272053194,1,NA,NA,0.0019597999272053194
Synchaeta,ON41,OS,0.06029074226791106,1595.5561287870012,0.0012058148453582213,0.06029074226791106,1595.5561287870012,0.0012058148453582213,NA,NA,0.0012058148453582213,1,NA,NA,0.0012058148453582213
Synchaeta,ON43N,NS,0.13093082598907405,7378.06844691109,0.0020948932158251846,0.13093082598907405,7378.06844691109,0.0020948932158251846,NA,NA,0.0020948932158251846,1,NA,NA,0.0020948932158251846
Synchaeta,ON49,OS,0.04614859472254694,1424.6036864169655,9.229718944509388e-4,0.04614859472254694,1424.6036864169655,9.229718944509388e-4,NA,NA,9.229718944509388e-4,1,NA,NA,9.229718944509388e-4
Synchaeta,ON55M,OS,0.17954227471158066,7209.278838785304,0.003590845494231613,0.17954227471158066,7209.278838785304,0.003590845494231613,NA,NA,0.003590845494231613,1,NA,NA,0.003590845494231613
Synchaeta,ON60,OS,0.33680935272000007,10272,0.006736187054400001,0.33680935272000007,10272,0.006736187054400001,NA,NA,0.006736187054400001,1,NA,NA,0.006736187054400001
Synchaeta,ON61N,NS,0.05138506131193274,1510.8205408996507,0.001027701226238655,0.05138506131193274,1510.8205408996507,0.001027701226238655,NA,NA,0.001027701226238655,1,NA,NA,0.001027701226238655
Synchaeta,ON62N,NS,0.04923870148392307,1429.9712254677236,9.847740296784614e-4,0.04923870148392307,1429.9712254677236,9.847740296784614e-4,NA,NA,9.847740296784614e-4,1,NA,NA,9.847740296784614e-4
Synchaeta,ON63,OS,0.1233382739983206,1483.149043393005,0.002466765479966412,0.1233382739983206,1483.149043393005,0.002466765479966412,NA,NA,0.002466765479966412,1,NA,NA,0.002466765479966412
Synchaeta,ON65b,NS,0.027890937881379228,1776.5869687606098,5.578187576275845e-4,0.027890937881379228,1776.5869687606098,5.578187576275845e-4,NA,NA,5.578187576275845e-4,1,NA,NA,5.578187576275845e-4
Synchaeta,ON67N,NS,0.172597531536706,6369.124711134976,0.00345195063073412,0.172597531536706,6369.124711134976,0.00345195063073412,NA,NA,0.00345195063073412,1,NA,NA,0.00345195063073412
Synchaeta,ON67b,NS,0.36283660883650376,6361.269054470387,0.007256732176730075,0.36283660883650376,6361.269054470387,0.007256732176730075,NA,NA,0.007256732176730075,1,NA,NA,0.007256732176730075
Synchaeta,ON68b,NS,0.0438825522168947,2114.4532503280006,8.776510443378939e-4,0.0438825522168947,2114.4532503280006,8.776510443378939e-4,NA,NA,8.776510443378939e-4,1,NA,NA,8.776510443378939e-4
Synchaeta,ON69b,NS,0.6891886633676418,39683.73657014318,0.008959452623779344,0.6891886633676418,39683.73657014318,0.008959452623779344,NA,NA,0.008959452623779344,1,NA,NA,0.008959452623779344
Synchaeta,ON73N,NS,0.08744988209217308,2418.333690129238,0.0017489976418434616,0.08744988209217308,2418.333690129238,0.0017489976418434616,NA,NA,0.0017489976418434616,1,NA,NA,0.0017489976418434616
Synchaeta,ON84N,NS,0.0709856677047908,2770.8784991762113,0.001419713354095816,0.0709856677047908,2770.8784991762113,0.001419713354095816,NA,NA,0.001419713354095816,1,NA,NA,0.001419713354095816
Trichocerca,ON12,OS,0.20749079637379458,3632.4324324324325,0.0041498159274758915,0.051872699093448646,908.1081081081081,0.0041498159274758915,0.09827418473226175,1159.2630926347013,0.0041498159274758915,4,0.049137092366130876,579.6315463173506,0.0020749079637379458
Trichocerca,ON17N,NS,0.02224521742867096,247.16908254078845,2.446973917153806e-4,0.00556130435716774,61.79227063519711,2.446973917153806e-4,0.007099391394714441,78.88212660793823,2.446973917153806e-4,4,0.0035496956973572204,39.441063303969116,1.223486958576903e-4
Trichocerca,ON25,OS,0.13191336285287014,1661.3688061313344,0.002638267257057403,0.032978340713217535,415.3422015328336,0.002638267257057403,0.06595668142643507,830.6844030656672,0.002638267257057403,4,0.032978340713217535,415.3422015328336,0.0013191336285287014
Trichocerca,ON29N,NS,0.2450252690697714,2722.5029896641267,0.004900505381395428,0.06125631726744285,680.6257474160317,0.004900505381395428,0.1225126345348857,1361.2514948320634,0.004900505381395428,4,0.06125631726744285,680.6257474160317,0.002450252690697714
Trichocerca,ON33,OS,0.5537339602010558,7153.702203792269,0.011074679204021116,0.13843349005026395,1788.4255509480672,0.011074679204021116,0.23503030598986674,2838.2029048606523,0.011074679204021116,4,0.11751515299493337,1419.1014524303262,0.005537339602010558
Trichocerca,ON38N,NS,1.254039396403774,11728.299897461811,0.020064630342460383,0.3135098491009435,2932.074974365453,0.020064630342460383,0.627019698201887,5864.149948730906,0.020064630342460383,4,0.3135098491009435,2932.074974365453,0.010032315171230191
Trichocerca,ON41,OS,0.03808044456942129,797.7780643935006,7.61608891388426e-4,0.009520111142355323,199.44451609837515,7.61608891388426e-4,0.017711470223051133,254.60478160790632,7.61608891388426e-4,4,0.008855735111525567,127.30239080395316,3.80804445694213e-4
Trichocerca,ON43N,NS,0.03494874527484201,388.3193919426889,5.591799243974721e-4,0.008737186318710502,97.07984798567223,5.591799243974721e-4,0.017474372637421003,194.15969597134446,5.591799243974721e-4,4,0.008737186318710502,97.07984798567223,2.7958996219873606e-4
Trichocerca,ON49,OS,0.07328860512147037,997.2225804918758,0.0014657721024294074,0.018322151280367592,249.30564512296894,0.0014657721024294074,0.03256071141717598,409.18625615556374,0.0014657721024294074,4,0.01628035570858799,204.59312807778187,7.328860512147037e-4
Trichocerca,ON55M,OS,0.47995454256340797,5664.433373331311,0.009599090851268161,0.11998863564085199,1416.1083433328276,0.009599090851268161,0.14110577495725418,1752.5909502119298,0.009599090851268161,4,0.07055288747862709,876.2954751059649,0.004799545425634081
Trichocerca,ON60,OS,0.024996036222976005,380.44444444444446,4.999207244595201e-4,0.006249009055744001,95.11111111111111,4.999207244595201e-4,0.012498018111488002,190.22222222222223,4.999207244595201e-4,4,0.006249009055744001,95.11111111111111,2.4996036222976005e-4
Trichocerca,ON61N,NS,0.07365444373262407,3777.051352249127,0.0014730888746524815,0.018413610933156018,944.2628380622817,0.0014730888746524815,0.027885122347898368,1429.9685631202517,0.0014730888746524815,4,0.013942561173949184,714.9842815601259,7.365444373262408e-4
Trichocerca,ON62N,NS,0.1608717628651189,1787.4640318346544,0.0032174352573023776,0.040217940716279724,446.8660079586636,0.0032174352573023776,0.07012237571982924,779.1375079981028,0.0032174352573023776,4,0.03506118785991462,389.5687539990514,0.0016087176286511888
Trichocerca,ON63,OS,0.4458202503488024,5932.59617357202,0.008916405006976047,0.1114550625872006,1483.149043393005,0.008916405006976047,0.1845609508744952,2496.511848012441,0.008916405006976047,4,0.0922804754372476,1248.2559240062205,0.0044582025034880235
Trichocerca,ON65b,NS,1.2206277474720428,10659.52181256366,0.02441255494944086,0.3051569368680107,2664.880453140915,0.02441255494944086,0.5926811538800938,5134.26006635468,0.02441255494944086,4,0.2963405769400469,2567.13003317734,0.01220627747472043
Trichocerca,ON67N,NS,0.5474332651350023,5752.757803605784,0.010948665302700049,0.1368583162837506,1438.189450901446,0.010948665302700049,0.21558857173482482,2244.3932031683294,0.010948665302700049,4,0.10779428586741241,1122.1966015841647,0.005474332651350024
Trichocerca,ON67b,NS,5.988245015678325,49299.835172145504,0.1197649003135665,1.4970612539195813,12324.958793036376,0.1197649003135665,2.9941225078391627,24649.917586072752,0.1197649003135665,4,1.4970612539195813,12324.958793036376,0.05988245015678325
Trichocerca,ON68b,NS,0.1561638787823486,2114.4532503280006,0.003123277575646972,0.03904096969558715,528.6133125820002,0.003123277575646972,0.07223733144325346,943.4207840216119,0.003123277575646972,4,0.03611866572162673,471.71039201080595,0.001561638787823486
Trichocerca,ON69b,NS,0.1836971483633598,3052.5951207802445,0.002388062928723677,0.04592428709083995,763.1487801950611,0.002388062928723677,0.07669525512782273,974.2124392132465,0.002388062928723677,4,0.038347627563911364,487.10621960662326,0.0011940314643618386
Trichocerca,ON73N,NS,0.7596515600927789,9189.668022491105,0.01519303120185558,0.18991289002319472,2297.4170056227763,0.01519303120185558,0.26597095142754634,3428.5797426917657,0.01519303120185558,4,0.13298547571377317,1714.2898713458828,0.00759651560092779
Trichocerca,ON84N,NS,0.09891734763828257,1385.4392495881057,0.0019783469527656513,0.024729336909570642,346.3598123970264,0.0019783469527656513,0.028554978643243117,399.94186184778295,0.0019783469527656513,4,0.014277489321621558,199.97093092389147,9.891734763828256e-4
