Zoop_Taxa,Type,Season,All_Bio_SUM_m3,All_Den_SUM_m3,All_Bio_SUM_m2,All_Bio_MEAN_m3,All_Den_MEAN_m3,All_Bio_MEAN_m2,All_Bio_SD_m3,All_Den_SD_m3,All_Bio_SD_m2,N,All_Bio_SE_m3,All_Den_SE_m3,All_Bio_SE_m2
Calanoids,NS,Spring,843.0061838635377,13442.815155691671,10847.996844249248,4.683367688130765,74.68230642050928,10847.996844249248,25.296343191866466,336.76125678764726,10847.996844249248,180,1.8854780986392474,25.100702078848055,808.5619454481506
Calanoids,NS,Summer,2448.9596987191185,88853.01303665998,23535.957135732322,13.605331659550659,493.6278502036665,23535.957135732322,55.539657965133316,2308.7450773030955,23535.957135732322,180,4.139681688570858,172.08369785225761,1754.2666690339572
Calanoids,OS,Spring,3279.1418806690845,43158.70865851717,61008.143216674536,10.930472935563614,143.86236219505722,61008.143216674536,51.796561771093465,654.1669917859898,61008.143216674536,300,2.9904758881637887,37.76834888026089,3522.3067908906282
Calanoids,OS,Summer,5128.98670678416,140345.06042968045,76825.03233487456,17.0966223559472,467.81686809893483,76825.03233487456,56.74036867972324,1725.0495134526918,76825.03233487456,300,3.275906713115682,99.59578009573445,4435.495309904152
Cyclopoids,NS,Spring,1053.5141077896906,56676.04343355856,13034.051127107583,5.164284842106326,277.8237423213655,13034.051127107583,16.845404491817018,1330.3865507499922,13034.051127107583,204,1.1794142208643672,93.14568955369666,912.566110374579
Cyclopoids,NS,Summer,880.8855385020897,62795.872677494044,8135.153453407099,4.318066365206322,307.8229052818335,8135.153453407099,22.106614783149833,1501.2306697708577,8135.153453407099,204,1.5477726203061946,105.1071704206081,569.5746680658823
Cyclopoids,OS,Spring,2480.5865946955987,147426.28655998112,47360.92754879499,7.295842925575291,433.60672517641507,47360.92754879499,26.03707891917417,1982.9329864042618,47360.92754879499,340,1.4120588625492336,107.5396401410979,2568.506923969076
Cyclopoids,OS,Summer,4760.955461314643,274904.5417040065,82524.637070389,14.002810180337185,808.5427697176661,82524.637070389,66.12423240907353,3480.7169677778224,82524.637070389,340,3.586090002351886,188.76838133930192,4475.5268252494825
Daphnids,NS,Spring,378.3406400763665,8180.40971745177,5118.8972761565265,7.8820966682576366,170.42520244691187,5118.8972761565265,25.258632903954574,467.96683554653345,5118.8972761565265,48,3.6457696266150283,67.5451946186521,738.8491800857532
Daphnids,NS,Summer,968.690482043799,15968.447641954232,9469.983015029798,20.18105170924581,332.67599254071314,9469.983015029798,110.2192509887719,1661.6568333833357,9469.983015029798,48,15.908778557061597,239.83950501366252,1366.8743107371595
Daphnids,OS,Spring,1069.573127683737,17949.898775304286,20399.772035656933,13.369664096046712,224.37373469130358,20399.772035656933,39.07001396742528,628.1727651778161,20399.772035656933,80,4.368160355651459,70.23185022758048,2280.7638498614083
Daphnids,OS,Summer,118.74711545975133,1954.8201798200848,1882.106097250328,1.4843389432468916,24.435252247751063,1882.106097250328,6.943248327087977,107.14763708928416,1882.106097250328,80,0.7762787622015205,11.979470008005853,210.42585871592817
Mysids,NS,Spring,0,0,0,0,0,0,0,0,0,12,0,0,0
Mysids,NS,Summer,0,0,0,0,0,0,0,0,0,12,0,0,0
Mysids,OS,Spring,0,0,0,0,0,0,0,0,0,20,0,0,0
Mysids,OS,Summer,0,0,0,0,0,0,0,0,0,20,0,0,0
Nauplii,NS,Spring,407.38126174372,405081.27377839654,4988.262966581606,33.94843847864333,33756.772814866374,4988.262966581606,21.553360670067942,19056.78898054669,4988.262966581606,12,6.22191929240241,5501.221123904264,1439.9874832722658
Nauplii,NS,Summer,462.1102975255047,338344.2165283403,4745.6305046258885,38.50919146045872,28195.35137736169,4745.6305046258885,24.428372113783063,16921.462643317805,4745.6305046258885,12,7.0518636078784995,4884.805506100866,1369.9455246601283
Nauplii,OS,Spring,637.8559294963676,691963.2785689196,11547.033473723151,31.892796474818383,34598.16392844598,11547.033473723151,23.41325543384167,26243.757345472433,11547.033473723151,20,5.23536307246363,5868.2825409485795,2581.9951785710496
Nauplii,OS,Summer,1000.1773999792199,587187.1953812696,17918.503984247647,50.008869998960996,29359.359769063478,17918.503984247647,43.490955233830675,22998.911333684475,17918.503984247647,20,9.724873230924565,5142.7129150608835,4006.6992963878556
Non-Daphnid,NS,Spring,207.43912704882104,16294.626016926442,2798.678552050882,1.1524395947156723,90.5257000940358,2798.678552050882,6.205024802027519,501.11112727552046,2798.678552050882,180,0.4624952419801902,37.35061816232042,208.6011829852152
Non-Daphnid,NS,Summer,351.0400530118759,59422.355080177585,3018.585751176127,1.950222516732644,330.12419488987547,3018.585751176127,9.731447694671141,1863.509160309457,3018.585751176127,180,0.7253392854922763,138.89777197151662,224.99209785140283
Non-Daphnid,OS,Spring,532.4882576827513,37610.697141375545,10383.26433379453,1.7749608589425043,125.36899047125182,10383.26433379453,9.537990914962595,669.769702997935,10383.26433379453,300,0.5506761622281858,38.669171832091344,599.4780458183311
Non-Daphnid,OS,Summer,1183.502401550712,159623.36517753647,9274.309426858079,3.94500800516904,532.0778839251216,9274.309426858079,22.259965073732772,3463.27453350403,9274.309426858079,300,1.2851796827471282,199.95224841961272,535.4525044144395
Predatory Cladocerans,NS,Spring,0,0,0,0,0,0,0,0,0,36,0,0,0
Predatory Cladocerans,NS,Summer,757.9025772033701,2800.7639985653777,8417.850757655582,21.05284936676028,77.79899996014937,8417.850757655582,39.66380437552164,168.8809544061752,8417.850757655582,36,6.61063406258694,28.146825734362533,1402.9751262759303
Predatory Cladocerans,OS,Spring,0.08354154681289888,6.837734656196461,0.5177954208313278,0.0013923591135483145,0.11396224426994102,0.5177954208313278,0.009757628443793116,0.7756926374466457,0.5177954208313278,60,0.001259704415376351,0.10014148888688555,0.06684710138740645
Predatory Cladocerans,OS,Summer,883.7771444545355,2331.3584558716957,15720.254201265107,14.729619074242258,38.855974264528264,15720.254201265107,26.125469281188657,53.46989499287776,15720.254201265107,60,3.372783581263237,6.902933761029164,2029.4760906548977
Rotifers,NS,Spring,142.72611632057038,354678.78724585363,1715.933851004866,0.17490945627520882,434.6553765267814,1715.933851004866,1.2034689460798194,3029.097892887377,1715.933851004866,816,0.042129839923543744,106.03963629953509,60.06969992679
Rotifers,NS,Summer,2751.3833747209633,7539422.537972811,27776.586977387014,3.3717933513737295,9239.488404378444,27776.586977387014,22.393498271029642,54570.36431618482,27776.586977387014,816,0.783929241015962,1910.3448582526596,972.3750386676702
Rotifers,OS,Spring,319.72165548092323,912131.1531455098,6048.814146630492,0.23508945255950237,670.6846714305219,6048.814146630492,1.9207202912224666,5298.898708311131,6048.814146630492,1360,0.05208284151455904,143.68656534107743,164.0215027610646
Rotifers,OS,Summer,5022.198254099206,11287782.687294584,92559.74426567374,3.692792833896475,8299.840211246017,92559.74426567374,33.486712214695096,50293.62980155345,92559.74426567374,1360,0.9080359764469241,1363.7775172766248,2509.8784623912925
Veligers,NS,Spring,518.5903757607564,519404.08282933553,5148.658324727671,43.2158646467297,43283.6735691113,5148.658324727671,60.597091835843095,60425.542919957945,5148.658324727671,12,17.492873641766245,17443.351735383505,1486.2896348734644
Veligers,NS,Summer,1389.8986746407675,776343.7184415646,14467.946882964976,115.82488955339728,64695.30987013038,14467.946882964976,63.02966590967492,41999.1501862218,14467.946882964976,12,18.195097289941497,12124.11033287534,4176.536513750518
Veligers,OS,Spring,95.58666435398756,89459.09650679331,1299.87473184312,4.779333217699378,4472.954825339666,1299.87473184312,9.1831169778937909,8346.133523475513,1299.87473184312,20,2.053407380790295,1866.2521907781083,290.6608262635526
Veligers,OS,Summer,1044.8143830742733,446874.39197008783,11048.75118463501,52.24071915371366,22343.71959850439,11048.75118463501,64.70483246875523,30522.661608570117,11048.75118463501,20,14.468440387287222,6825.074621098585,2470.575871532521
