Speccode,Zoop_Taxa,Type,Season,All_Bio_SUM_m3,All_Den_SUM_m3,All_Bio_SUM_m2,All_Bio_MEAN_m3,All_Den_MEAN_m3,All_Bio_MEAN_m2,All_Bio_SD_m3,All_Den_SD_m3,All_Bio_SD_m2,N,All_Bio_SE_m3,All_Den_SE_m3,All_Bio_SE_m2
ACAVERN,Cyclopoids,NS,Spring,130.50270757508912,1110.1407296928492,1190.2862341607888,10.875225631257427,92.5117274744041,1190.2862341607888,18.192291524019527,163.16452780507132,1190.2862341607888,12,5.251662204284411,47.101542025228056,343.6060388527187
ACAVERN,Cyclopoids,NS,Summer,0.5796085450318366,38.1786966591154,6.955302540382039,0.04830071208598638,3.1815580549262834,6.955302540382039,0.1673185747493691,11.021240396724671,6.955302540382039,12,0.04830071208598639,3.181558054926284,2.007822896992429
ACAVERN,Cyclopoids,OS,Spring,377.38557373140105,4475.209358428193,7187.825336006971,18.869278686570052,223.76046792140966,7187.825336006971,23.72929968361946,271.5058293550096,7187.825336006971,20,5.306032715103736,60.710549072525936,1607.2466061706853
ACAVERN,Cyclopoids,OS,Summer,2.049638059090002,208.340890669339,14.347466413630015,0.1024819029545001,10.41704453346695,14.347466413630015,0.45831300293959754,46.58643940294937,14.347466413630015,20,0.1024819029545001,10.41704453346695,3.2081910205771824
ACRHARP,Non-Daphnid,NS,Spring,0,0,0,0,0,0,0,0,0,12,0,0,0
ACRHARP,Non-Daphnid,NS,Summer,0,0,0,0,0,0,0,0,0,12,0,0,0
ACRHARP,Non-Daphnid,OS,Spring,0,0,0,0,0,0,0,0,0,20,0,0,0
ACRHARP,Non-Daphnid,OS,Summer,0.5748767176362704,36.459655867134266,4.024137023453893,0.028743835881813517,1.8229827933567133,4.024137023453893,0.12854634193166528,8.152626895516127,4.024137023453893,20,0.028743835881813517,1.8229827933567133,0.8998243935216569
ALNGLOB,Non-Daphnid,NS,Spring,0,0,0,0,0,0,0,0,0,12,0,0,0
ALNGLOB,Non-Daphnid,NS,Summer,0.41630296194812394,72.990521999634,2.9141207336368677,0.034691913495677,6.0825434999695,2.9141207336368677,0.12017631357259394,21.070548762389993,2.9141207336368677,12,0.034691913495677,6.0825434999695,0.8412341950081577
ALNGLOB,Non-Daphnid,OS,Spring,0,0,0,0,0,0,0,0,0,20,0,0,0
ALNGLOB,Non-Daphnid,OS,Summer,0,0,0,0,0,0,0,0,0,20,0,0,0
ALOGUTT,Non-Daphnid,NS,Spring,0,0,0,0,0,0,0,0,0,12,0,0,0
ALOGUTT,Non-Daphnid,NS,Summer,0.012674458006656281,19.0893483295577,0.15209349607987538,0.0010562048338880233,1.5907790274631417,0.15209349607987538,0.0036588008709878056,5.510620198362336,0.15209349607987538,12,0.0010562048338880233,1.590779027463142,0.04390561045185367
ALOGUTT,Non-Daphnid,OS,Spring,0,0,0,0,0,0,0,0,0,20,0,0,0
ALOGUTT,Non-Daphnid,OS,Summer,0,0,0,0,0,0,0,0,0,20,0,0,0
ALOSP,Non-Daphnid,NS,Spring,0,0,0,0,0,0,0,0,0,12,0,0,0
ALOSP,Non-Daphnid,NS,Summer,0.03734916219313116,38.1786966591154,0.4481899463175739,0.0031124301827609303,3.1815580549262834,0.4481899463175739,0.010781774423105635,11.021240396724671,0.4481899463175739,12,0.0031124301827609303,3.181558054926284,0.12938129307726762
ALOSP,Non-Daphnid,OS,Spring,0,0,0,0,0,0,0,0,0,20,0,0,0
ALOSP,Non-Daphnid,OS,Summer,0,0,0,0,0,0,0,0,0,20,0,0,0
ASCECAU,Rotifers,NS,Spring,0,0,0,0,0,0,0,0,0,12,0,0,0
ASCECAU,Rotifers,NS,Summer,0.39948167373580373,1114.88003545845,7.190670127244467,0.03329013947798364,92.9066696215375,7.190670127244467,0.11532042593384427,321.83814429303783,7.190670127244467,12,0.03329013947798365,92.9066696215375,2.075767666809197
ASCECAU,Rotifers,OS,Spring,0,0,0,0,0,0,0,0,0,20,0,0,0
ASCECAU,Rotifers,OS,Summer,0,0,0,0,0,0,0,0,0,20,0,0,0
ASCOVAL,Rotifers,NS,Spring,0,0,0,0,0,0,0,0,0,12,0,0,0
ASCOVAL,Rotifers,NS,Summer,11.387435761548085,81823.9088555748,147.4166408145799,0.9489529801290071,6818.6590712979,147.4166408145799,1.7074113078332898,12411.477078478725,147.4166408145799,12,0.4928871890974804,3582.884816150281,42.55551862866404
ASCOVAL,Rotifers,OS,Spring,0,0,0,0,0,0,0,0,0,20,0,0,0
ASCOVAL,Rotifers,OS,Summer,9.43470701311632,70981.43987754974,162.95615411807464,0.471735350655816,3549.0719938774873,162.95615411807464,0.5811916133281028,4191.6524096700905,162.95615411807464,20,0.12995839553544106,937.2819726073119,36.438103795994714
ASPBRIG,Rotifers,NS,Spring,0,0,0,0,0,0,0,0,0,12,0,0,0
ASPBRIG,Rotifers,NS,Summer,27.58264892327629,1259.515384501,165.49589353965774,2.298554076939691,104.95961537508333,165.49589353965774,7.962424890408254,363.5907731450636,165.49589353965774,12,2.2985540769396913,104.95961537508333,47.774549342449525
ASPBRIG,Rotifers,OS,Spring,0,0,0,0,0,0,0,0,0,20,0,0,0
ASPBRIG,Rotifers,OS,Summer,0,0,0,0,0,0,0,0,0,20,0,0,0
ASPHERR,Rotifers,NS,Spring,0,0,0,0,0,0,0,0,0,12,0,0,0
ASPHERR,Rotifers,NS,Summer,76.8250264889853,861.625714749686,537.7751854228972,6.402085540748775,71.80214289580717,537.7751854228972,22.177474861957897,248.72991917571747,537.7751854228972,12,6.402085540748776,71.80214289580718,155.2423240337053
ASPHERR,Rotifers,OS,Spring,0,0,0,0,0,0,0,0,0,20,0,0,0
ASPHERR,Rotifers,OS,Summer,8.266621487699284,403.66047567184364,56.19443443451824,0.41333107438496425,20.183023783592184,56.19443443451824,1.5020791247388847,63.298269297371476,56.19443443451824,20,0.3358751030499532,14.153923300701047,12.565457535273774
ASPPRIO,Rotifers,NS,Spring,0.687502410393285,456.50770350788673,4.810806449210267,0.057291867532773745,38.04230862565723,4.810806449210267,0.1979268179156617,131.52860975851223,4.810806449210267,12,0.057136550801726665,37.96903912510714,1.3887601992353678
ASPPRIO,Rotifers,NS,Summer,1175.4664946461855,61290.38777256808,11377.835324589802,97.95554122051546,5107.532314380674,11377.835324589802,142.17010211750897,7342.319440926354,11377.835324589802,12,41.040973364130195,2119.5450528475267,3284.498143723578
ASPPRIO,Rotifers,OS,Spring,0,0,0,0,0,0,0,0,0,20,0,0,0
ASPPRIO,Rotifers,OS,Summer,2819.5651947203487,169829.21482025733,53090.241413970085,140.97825973601743,8491.460741012866,53090.241413970085,231.54516923620537,15055.235949515643,53090.241413970085,20,51.77507382738482,3366.453100041557,11871.338874351166
BOSLONG,Non-Daphnid,NS,Spring,204.0719364712277,16062.142259151111,2766.0732975105275,17.005994705935642,1338.5118549292592,2766.0732975105275,18.235337861533605,1504.9738923721054,2766.0732975105275,12,5.264088611560101,434.448540942197,798.4965814579695
BOSLONG,Non-Daphnid,NS,Summer,208.89102871041243,44329.077244953274,1828.021179745364,17.407585725867705,3694.0897704127724,1828.021179745364,29.865712307636986,6246.857935315945,1828.021179745364,12,8.621488520177067,1803.3125552720053,527.7042601051616
BOSLONG,Non-Daphnid,OS,Spring,530.3297814870857,37397.34433939018,10354.206913812572,26.516489074354286,1869.8672169695092,10354.206913812572,27.224253850081382,1904.1849201670088,10354.206913812572,20,6.087528224549233,425.78869232234416,2315.2710512383214
BOSLONG,Non-Daphnid,OS,Summer,659.0343693792253,110455.7234517253,5269.1831201328,32.95171846896126,5522.786172586265,5269.1831201328,70.93476363858869,11937.836595857163,5269.1831201328,20,15.861495346376463,2669.38141326213,1178.225164251138
BRAANGU,Rotifers,NS,Spring,1.829847305462872,5577.272304213559,12.849509626669272,0.15248727545523935,464.7726920177966,12.849509626669272,0.515584494726241,1576.0488014848615,12.849509626669272,12,0.14883642341009623,454.96609989663597,3.7093339209560963
BRAANGU,Rotifers,NS,Summer,1.927929840532649,12615.72095138924,17.371955863030287,0.16066082004438742,1051.3100792824366,17.371955863030287,0.3769253807796635,2760.657307044438,17.371955863030287,12,0.10880898502877046,796.9331196812068,5.014851696935417
BRAANGU,Rotifers,OS,Spring,0.00422932254869688,15.6417634488339,0.02537593529218128,2.11466127434844e-4,0.782088172441695,0.02537593529218128,9.457052717658889e-4,3.4976046359564155,0.02537593529218128,20,2.11466127434844e-4,0.7820881724416949,0.005674231630595333
BRAANGU,Rotifers,OS,Summer,12.964805922106148,58067.62379672173,86.38537740308718,0.6482402961053073,2903.3811898360864,86.38537740308718,1.8390475230114058,8027.9297889622685,86.38537740308718,20,0.4112235275306112,1795.0996726715173,19.316357613527718
BRABUDA,Rotifers,NS,Spring,0,0,0,0,0,0,0,0,0,12,0,0,0
BRABUDA,Rotifers,NS,Summer,0,0,0,0,0,0,0,0,0,12,0,0,0
BRABUDA,Rotifers,OS,Spring,0,0,0,0,0,0,0,0,0,20,0,0,0
BRABUDA,Rotifers,OS,Summer,0.026611337396520586,119.633245814034,0.1862793617756441,0.0013305668698260294,5.9816622907017,0.1862793617756441,0.0059504759390802305,26.750807000912218,0.1862793617756441,20,0.0013305668698260292,5.981662290701699,0.04165333157356162
BRACALC,Rotifers,NS,Spring,10.674031764325587,3754.467944524069,75.03233397061585,0.8895026470271323,312.87232871033905,75.03233397061585,2.983774790292525,1050.0062396714861,75.03233397061585,12,0.8613415891883043,303.1106925625596,21.659969107930483
BRACALC,Rotifers,NS,Summer,0,0,0,0,0,0,0,0,0,12,0,0,0
BRACALC,Rotifers,OS,Spring,0.15266353086195475,31.2835268976678,0.9159811851717286,0.007633176543097737,1.56417634488339,0.9159811851717286,0.034136603269246786,6.995209271912831,0.9159811851717286,20,0.007633176543097736,1.5641763448833899,0.20481961961548073
BRACALC,Rotifers,OS,Summer,0,0,0,0,0,0,0,0,0,20,0,0,0
BRADIVE,Rotifers,NS,Spring,0,0,0,0,0,0,0,0,0,12,0,0,0
BRADIVE,Rotifers,NS,Summer,7.723309626520507,4808.90288592374,77.23309626520506,0.6436091355433756,400.74190716031165,77.23309626520506,2.2295274459532215,1388.2106878474196,77.23309626520506,12,0.6436091355433756,400.74190716031165,22.295274459532212
BRADIVE,Rotifers,OS,Spring,0,0,0,0,0,0,0,0,0,20,0,0,0
BRADIVE,Rotifers,OS,Summer,0,0,0,0,0,0,0,0,0,20,0,0,0
BRAHAVA,Rotifers,NS,Spring,0,0,0,0,0,0,0,0,0,12,0,0,0
BRAHAVA,Rotifers,NS,Summer,0,0,0,0,0,0,0,0,0,12,0,0,0
BRAHAVA,Rotifers,OS,Spring,0,0,0,0,0,0,0,0,0,20,0,0,0
BRAHAVA,Rotifers,OS,Summer,6.196290887588111,3534.4352729583698,40.35395801984385,0.30981454437940553,176.7217636479185,40.35395801984385,0.9539253621589395,544.6779076344749,40.35395801984385,20,0.21330419552484942,121.79368273130375,9.023419329354365
BRARUBE,Rotifers,NS,Spring,0,0,0,0,0,0,0,0,0,12,0,0,0
BRARUBE,Rotifers,NS,Summer,0.3330748303791151,1723.25142949937,2.331523812653806,0.02775623586492626,143.60428579161416,2.331523812653806,0.09615042148983553,497.45983835143437,2.331523812653806,12,0.027756235864926263,143.6042857916142,0.6730529504288487
BRARUBE,Rotifers,OS,Spring,0.003130113409832424,7.94142914949255,0.018780680458994545,1.565056704916212e-4,0.3970714574746275,0.018780680458994545,6.999146361668959e-4,1.7757575416763682,0.018780680458994545,20,1.565056704916212e-4,0.3970714574746275,0.004199487817001375
BRARUBE,Rotifers,OS,Summer,0,0,0,0,0,0,0,0,0,20,0,0,0
BRASP,Rotifers,NS,Spring,0,0,0,0,0,0,0,0,0,12,0,0,0
BRASP,Rotifers,NS,Summer,0,0,0,0,0,0,0,0,0,12,0,0,0
BRASP,Rotifers,OS,Spring,0,0,0,0,0,0,0,0,0,20,0,0,0
BRASP,Rotifers,OS,Summer,0.6351989681475306,897.887047474202,5.081591745180245,0.03175994840737653,44.8943523737101,5.081591745180245,0.14203480720156023,200.77364742688965,5.081591745180245,20,0.03175994840737653,44.8943523737101,1.1362784576124816
BRAURCE,Rotifers,NS,Spring,0,0,0,0,0,0,0,0,0,12,0,0,0
BRAURCE,Rotifers,NS,Summer,0,0,0,0,0,0,0,0,0,12,0,0,0
BRAURCE,Rotifers,OS,Spring,0.006319558825126536,7.94142914949255,0.037917352950759216,3.159779412563268e-4,0.3970714574746275,0.037917352950759216,0.0014130963120791641,1.7757575416763682,0.037917352950759216,20,3.159779412563268e-4,0.3970714574746275,0.008478577872474984
BRAURCE,Rotifers,OS,Summer,0,0,0,0,0,0,0,0,0,20,0,0,0
BRAVARI,Rotifers,NS,Spring,0.16564756522629584,108.859225145099,1.3251805218103667,0.013803963768857987,9.071602095424916,1.3251805218103667,0.047818333187004,31.424951470648494,1.3251805218103667,12,0.013803963768857988,9.071602095424918,0.382546665496032
BRAVARI,Rotifers,NS,Summer,0,0,0,0,0,0,0,0,0,12,0,0,0
BRAVARI,Rotifers,OS,Spring,0,0,0,0,0,0,0,0,0,20,0,0,0
BRAVARI,Rotifers,OS,Summer,0,0,0,0,0,0,0,0,0,20,0,0,0
BYTLONG,Predatory Cladocerans,NS,Spring,0,0,0,0,0,0,0,0,0,12,0,0,0
BYTLONG,Predatory Cladocerans,NS,Summer,626.1516209428752,428.93544985842436,7258.837476072898,52.1793017452396,35.744620821535364,7258.837476072898,56.223191627183105,37.168443592218495,7258.837476072898,12,16.23023741032704,10.729605456663386,2095.445885407216
BYTLONG,Predatory Cladocerans,OS,Spring,0,0,0,0,0,0,0,0,0,20,0,0,0
BYTLONG,Predatory Cladocerans,OS,Summer,765.5950241577069,601.251734710698,14133.223161552587,38.27975120788534,30.062586735534897,14133.223161552587,34.36305447287756,23.668225985793434,14133.223161552587,20,7.683812571588242,5.2923762211061085,3160.2847730406074
CECPENG,Predatory Cladocerans,NS,Spring,0,0,0,0,0,0,0,0,0,12,0,0,0
CECPENG,Predatory Cladocerans,NS,Summer,16.46526946906264,362.3329419463777,218.08713985417336,1.3721057890885533,30.19441182886481,218.08713985417336,2.919592686350437,60.3998434542987,218.08713985417336,12,0.8428138116942437,17.435932938675304,62.95633445080128
CECPENG,Predatory Cladocerans,OS,Spring,0,0,0,0,0,0,0,0,0,20,0,0,0
CECPENG,Predatory Cladocerans,OS,Summer,18.09909400623895,435.7157011933891,206.84796939597183,0.9049547003119476,21.785785059669454,206.84796939597183,2.4450383159015536,62.37831179137581,206.84796939597183,20,0.5467271881947479,13.948214548719298,46.25261205771891
CEPSP,Rotifers,NS,Spring,0.027197761670028096,81.41755878789809,0.22653228095637967,0.002266480139169008,6.784796565658174,0.22653228095637967,0.005563154990699232,16.777403513762646,0.22653228095637967,12,0.001605944515711906,4.843219217486919,0.06539423669515287
CEPSP,Rotifers,NS,Summer,0,0,0,0,0,0,0,0,0,12,0,0,0
CEPSP,Rotifers,OS,Spring,0.045883535832116004,64.0753666993303,0.321184750824812,0.0022941767916058,3.203768334966515,0.321184750824812,0.010259870516865877,14.327687562292889,0.321184750824812,20,0.0022941767916058,3.203768334966515,0.07181909361806113
CEPSP,Rotifers,OS,Summer,0,0,0,0,0,0,0,0,0,20,0,0,0
CERLACU,Non-Daphnid,NS,Spring,0,0,0,0,0,0,0,0,0,12,0,0,0
CERLACU,Non-Daphnid,NS,Summer,14.845994488064248,930.0706814559317,130.69174993887293,1.2371662073386873,77.50589012132764,130.69174993887293,3.465421821440467,211.02474485910435,130.69174993887293,12,1.0003811107321285,60.917596625038,37.72745850403577
CERLACU,Non-Daphnid,OS,Spring,0,0,0,0,0,0,0,0,0,20,0,0,0
CERLACU,Non-Daphnid,OS,Summer,0,0,0,0,0,0,0,0,0,20,0,0,0
CERSP,Non-Daphnid,NS,Spring,0,0,0,0,0,0,0,0,0,12,0,0,0
CERSP,Non-Daphnid,NS,Summer,0,0,0,0,0,0,0,0,0,12,0,0,0
CERSP,Non-Daphnid,OS,Spring,0,0,0,0,0,0,0,0,0,20,0,0,0
CERSP,Non-Daphnid,OS,Summer,18.691766796827835,1679.0548144241463,153.7780582306483,0.9345883398413917,83.95274072120732,153.7780582306483,2.486869807733883,248.16795936294488,153.7780582306483,20,0.5560809941284794,55.49204269729501,34.38581916516506
CHYSPHA,Non-Daphnid,NS,Spring,0.4002015725386685,71.2775858792632,3.6514317814353996,0.03335013104488904,5.939798823271934,3.6514317814353996,0.0693830214869523,11.5893536171024,3.6514317814353996,12,0.02002915306634075,3.345558215283917,1.0540775609696413
CHYSPHA,Non-Daphnid,NS,Summer,0.9381624606883295,190.893483295577,11.257949528259955,0.0781802050573608,15.907790274631417,11.257949528259955,0.2708241746110044,55.10620198362336,11.257949528259955,12,0.0781802050573608,15.907790274631418,3.2498900953320526
CHYSPHA,Non-Daphnid,OS,Spring,0.9733072543224466,153.3341293609416,18.824489182526317,0.04866536271612233,7.66670646804708,18.824489182526317,0.20671525162095986,33.16584634716108,18.824489182526317,20,0.04622293546104398,7.416108696356526,4.209283745383829
CHYSPHA,Non-Daphnid,OS,Summer,2.880033556647068,337.38930881840537,19.34535945567834,0.1440016778323534,16.86946544092027,19.34535945567834,0.37667925148504117,41.764252389375265,19.34535945567834,20,0.08422804120342905,9.33877073721011,4.32575387920651
COLMUTA,Rotifers,NS,Spring,0,0,0,0,0,0,0,0,0,12,0,0,0
COLMUTA,Rotifers,NS,Summer,1.0276043015283605,6701.86042715612,12.331251618340325,0.08563369179403003,558.4883689296767,12.331251618340325,0.29664381005390816,1934.660460844943,12.331251618340325,12,0.08563369179403005,558.4883689296767,3.5597257206468975
COLMUTA,Rotifers,OS,Spring,0,0,0,0,0,0,0,0,0,20,0,0,0
COLMUTA,Rotifers,OS,Summer,0,0,0,0,0,0,0,0,0,20,0,0,0
COLSP,Rotifers,NS,Spring,0,0,0,0,0,0,0,0,0,12,0,0,0
COLSP,Rotifers,NS,Summer,30.229625197028476,197053.9684900781,276.5092723812672,2.5191354330857063,16421.16404083984,276.5092723812672,3.0094003811662753,15289.819279037603,276.5092723812672,12,0.8687390600828557,4413.790638306546,79.82135142137608
COLSP,Rotifers,OS,Spring,0,0,0,0,0,0,0,0,0,20,0,0,0
COLSP,Rotifers,OS,Summer,32.883098768614296,316984.3808010849,554.4419871875552,1.6441549384307148,15849.219040054248,554.4419871875552,1.2324612105592336,11524.477631663103,554.4419871875552,20,0.2755867046442128,2576.951538957448,123.9769972931441
CONNATA,Rotifers,NS,Spring,0,0,0,0,0,0,0,0,0,12,0,0,0
CONNATA,Rotifers,NS,Summer,2.0076275044981347,6127.02371291144,12.103044966491936,0.1673022920415112,510.58530940928665,12.103044966491936,0.3433991233750002,1011.628528675682,12.103044966491936,12,0.09913078816001895,292.032001675405,3.4938481347091326
CONNATA,Rotifers,OS,Spring,0,0,0,0,0,0,0,0,0,20,0,0,0
CONNATA,Rotifers,OS,Summer,0,0,0,0,0,0,0,0,0,20,0,0,0
CONSP,Rotifers,NS,Spring,0,0,0,0,0,0,0,0,0,12,0,0,0
CONSP,Rotifers,NS,Summer,0.9101566797378772,2584.87714424906,6.37109675816514,0.07584638997815643,215.40642868742168,6.37109675816514,0.2627396020256997,746.189757527153,6.37109675816514,12,0.07584638997815643,215.4064286874217,1.8391772141798979
CONSP,Rotifers,OS,Spring,0,0,0,0,0,0,0,0,0,20,0,0,0
CONSP,Rotifers,OS,Summer,46.29443007264553,167020.4837462654,363.1616102333175,2.3147215036322764,8351.02418731327,363.1616102333175,8.608990591155482,31163.61372457619,363.1616102333175,20,1.9250288179479758,6968.395871269777,81.20540472999812
COOUNIC,Rotifers,NS,Spring,0.6753419363967146,2937.3371906678626,8.526084266624075,0.05627849469972621,244.77809922232188,8.526084266624075,0.09625498476956261,299.67582702727685,8.526084266624075,12,0.027786420683775154,86.50895970191101,2.4612685232344216
COOUNIC,Rotifers,NS,Summer,616.3482395589308,3684096.0064734733,7310.057909580002,51.36235329657757,307008.00053945614,7310.057909580002,45.6630998765556,305354.3788383267,7310.057909580002,12,13.181801502881072,88148.21641026945,2110.231950943884
COOUNIC,Rotifers,OS,Spring,0.8515016889891476,3048.90099710865,10.16520900241167,0.04257508444945738,152.4450498554325,10.16520900241167,0.0901820512816148,269.1406971502664,10.16520900241167,20,0.02016531970160627,60.18168943396796,2.2730098334885316
COOUNIC,Rotifers,OS,Summer,1102.5789506291858,6258779.981465678,21112.179228078738,55.12894753145929,312938.99907328386,21112.179228078738,43.15987959098197,240899.70641797394,21112.179228078738,20,9.65084246661415,53866.811931033204,4720.826790714309
COPNAUP,Nauplii,NS,Spring,407.38126174372,405081.27377839654,4988.262966581606,33.94843847864333,33756.772814866374,4988.262966581606,21.553360670067942,19056.78898054669,4988.262966581606,12,6.22191929240241,5501.221123904264,1439.9874832722658
COPNAUP,Nauplii,NS,Summer,462.1102975255047,338344.2165283403,4745.6305046258885,38.50919146045872,28195.35137736169,4745.6305046258885,24.428372113783063,16921.462643317805,4745.6305046258885,12,7.0518636078784995,4884.805506100866,1369.9455246601283
COPNAUP,Nauplii,OS,Spring,637.8559294963676,691963.2785689196,11547.033473723151,31.892796474818383,34598.16392844598,11547.033473723151,23.41325543384167,26243.757345472433,11547.033473723151,20,5.23536307246363,5868.2825409485795,2581.9951785710496
COPNAUP,Nauplii,OS,Summer,1000.1773999792199,587187.1953812696,17918.503984247647,50.008869998960996,29359.359769063478,17918.503984247647,43.490955233830675,22998.911333684475,17918.503984247647,20,9.724873230924565,5142.7129150608835,4006.6992963878556
COUSP,Rotifers,NS,Spring,0,0,0,0,0,0,0,0,0,12,0,0,0
COUSP,Rotifers,NS,Summer,0,0,0,0,0,0,0,0,0,12,0,0,0
COUSP,Rotifers,OS,Spring,0.065284686311804,359.814188226433,1.30569372623608,0.0032642343155901998,17.99070941132165,1.30569372623608,0.014598099648294376,80.45689841432086,1.30569372623608,20,0.0032642343155901998,17.990709411321646,0.29196199296588754
COUSP,Rotifers,OS,Summer,0,0,0,0,0,0,0,0,0,20,0,0,0
CYCCOPE,Cyclopoids,NS,Spring,355.4952486167481,44993.91874374636,4520.173257010786,29.624604051395675,3749.49322864553,4520.173257010786,29.784327237410313,4216.531341711481,4520.173257010786,12,8.597994674075373,1217.207752591809,1304.8616233594626
CYCCOPE,Cyclopoids,NS,Summer,44.95490802748423,6365.078792148172,408.4487050080112,3.746242335623686,530.4232326790144,408.4487050080112,11.13171373291769,1132.550633689973,408.4487050080112,12,3.2134489601209415,326.93920661589357,117.90898489326466
CYCCOPE,Cyclopoids,OS,Spring,671.16528782021,112793.54564948239,12993.332768501718,33.558264391010496,5639.677282474119,12993.332768501718,50.809587982172054,6067.090766541517,12993.332768501718,20,11.361369263689308,1356.6427379648137,2905.3975324645376
CYCCOPE,Cyclopoids,OS,Summer,153.06856190167457,47462.41187905335,2654.544991486154,7.6534280950837275,2373.120593952667,2654.544991486154,6.571964394889902,2079.086750526895,2654.544991486154,20,1.469535913268209,464.89793052972834,593.574305029464
CYCDIVE,Cyclopoids,NS,Spring,0,0,0,0,0,0,0,0,0,12,0,0,0
CYCDIVE,Cyclopoids,NS,Summer,0,0,0,0,0,0,0,0,0,12,0,0,0
CYCDIVE,Cyclopoids,OS,Spring,2.760808303416237,13.33064344203344,38.52345648690823,0.13804041517081184,0.6665321721016719,38.52345648690823,0.42720198057451825,2.0531650889238544,38.52345648690823,20,0.095525266868716735,0.45910167078631386,8.614106743298203
CYCDIVE,Cyclopoids,OS,Summer,0,0,0,0,0,0,0,0,0,20,0,0,0
DAPGALEM,Daphnids,NS,Spring,365.15083830189946,7547.391822399733,4936.4388294192895,30.429236525158288,628.9493185333112,4936.4388294192895,44.52882139588376,788.4028179385036,4936.4388294192895,12,12.854363509805129,227.5922895833273,1425.0271435016741
DAPGALEM,Daphnids,NS,Summer,965.4716345850059,15694.682381072627,9438.000615970386,80.45596954875049,1307.890198422719,9438.000615970386,215.9202495645023,3226.661169355032,9438.000615970386,12,62.330807104778295,931.4568473554203,2724.5160981211784
DAPGALEM,Daphnids,OS,Spring,1046.0899906819682,17089.165814998407,19938.15844895815,52.30449953409841,854.4582907499203,19938.15844895815,64.92596714029905,1038.4185024550234,19938.15844895815,20,14.51788760306263,232.19743605829643,4458.307763803219
DAPGALEM,Daphnids,OS,Summer,111.79183191910684,1107.580627226603,1796.30283819292,5.589591595955342,55.37903136133014,1796.30283819292,13.258515475185545,144.67466507602768,1796.30283819292,20,2.9646941883247804,32.35023857320127,401.66552543751743
DAPLONG,Daphnids,NS,Spring,11.6692254911664,557.214628771037,170.55194851004123,0.9724354575972,46.434552397586415,170.55194851004123,1.7269042842432571,81.87944996586509,170.55194851004123,12,0.4985143266862813,23.636561239445353,49.23410669154375
DAPLONG,Daphnids,NS,Summer,1.2303456299077806,19.0893483295577,14.764147558893367,0.10252880249231505,1.5907790274631417,14.764147558893367,0.3551701903117684,5.510620198362336,14.764147558893367,12,0.10252880249231505,1.590779027463142,4.262042283741221
DAPLONG,Daphnids,OS,Spring,23.483137001768686,860.7329603058822,461.6135866987816,1.1741568500884343,43.03664801529411,461.6135866987816,1.7109165853194421,62.40674005229996,461.6135866987816,20,0.38257257886060914,13.954571301110148,103.21993591959684
DAPLONG,Daphnids,OS,Summer,1.774499888605006,55.2419028289913,34.97128309054588,0.0887249944302503,2.762095141449565,34.97128309054588,0.2981185665199682,8.688419028977377,34.97128309054588,20,0.06666133800934418,1.9427895565796127,7.819816625084952
DAPRETR,Daphnids,NS,Spring,1.5205762833006826,75.8032662809992,11.906498227195778,0.12671469027505688,6.316938856749934,11.906498227195778,0.36528425290390426,14.837112911871214,11.906498227195778,12,0.10544848087240023,4.283105566832859,3.4371099782886425
DAPRETR,Daphnids,NS,Summer,1.9885018288853937,254.6759125520457,17.218251500519564,0.1657084857404495,21.222992712670475,17.218251500519564,0.38277489007389803,49.28996526288231,17.218251500519564,12,0.11049759291159722,14.228787356436204,4.970481069399824
DAPRETR,Daphnids,OS,Spring,0,0,0,0,0,0,0,0,0,20,0,0,0
DAPRETR,Daphnids,OS,Summer,4.952391949336312,704.9298148579015,49.00484234523678,0.24761959746681558,35.24649074289508,49.00484234523678,0.9396645508377128,155.88458340977616,49.00484234523678,20,0.21011538117199327,34.85685251484954,10.957815871060966
DAPSP,Daphnids,NS,Spring,0,0,0,0,0,0,0,0,0,12,0,0,0
DAPSP,Daphnids,NS,Summer,0,0,0,0,0,0,0,0,0,12,0,0,0
DAPSP,Daphnids,OS,Spring,0,0,0,0,0,0,0,0,0,20,0,0,0
DAPSP,Daphnids,OS,Summer,0.22839170270316425,87.0678349065893,1.827133621625314,0.011419585135158212,4.353391745329465,1.827133621625314,0.05106993727411977,19.46895975048627,1.827133621625314,20,0.011419585135158212,4.353391745329464,0.40855949819295817
DIACOPE,Calanoids,NS,Spring,17.968798679540797,1499.3901047727416,180.3399859227548,1.4973998899617331,124.94917539772845,180.3399859227548,2.3028731456323053,191.59826386149663,180.3399859227548,12,0.6647822152701859,55.309654608350016,52.05966970907791
DIACOPE,Calanoids,NS,Summer,989.0080436617712,63579.77742962268,9241.751864567726,82.41733697181428,5298.314785801889,9241.751864567726,96.59005466794912,7151.600036533839,9241.751864567726,12,27.883147031790546,2064.489103114675,2667.8639633959515
DIACOPE,Calanoids,OS,Spring,13.29662344160188,1045.2860112316432,136.72097041318835,0.664831172080094,52.264300561582154,136.72097041318835,1.481052811790497,122.63729354547445,136.72097041318835,20,0.33117347654307533,27.422532494427706,30.571738379362664
DIACOPE,Calanoids,OS,Summer,1757.0457442705135,85756.10205628516,26499.17188008228,87.85228721352568,4287.805102814258,26499.17188008228,78.07358301078476,4450.1315498338045,26499.17188008228,20,17.45778388590874,995.0796654244879,5925.394967131488
DIPBIRG,Non-Daphnid,NS,Spring,0,0,0,0,0,0,0,0,0,12,0,0,0
DIPBIRG,Non-Daphnid,NS,Summer,8.22322588256401,1941.220713852581,66.41376110820961,0.6852688235470009,161.76839282104842,66.41376110820961,1.8863069673183392,514.167208631744,66.41376110820961,12,0.5445299176777549,148.42728815600793,19.17200142686016
DIPBIRG,Non-Daphnid,OS,Spring,0,0,0,0,0,0,0,0,0,20,0,0,0
DIPBIRG,Non-Daphnid,OS,Summer,302.61045484356856,33357.43907460754,2148.461240642188,15.130522742178428,1667.8719537303768,2148.461240642188,31.904010809056317,3562.6259405284695,2148.461240642188,20,7.133953692393798,796.6273781425781,480.4105381099466
DIPFLUV,Non-Daphnid,NS,Spring,0,0,0,0,0,0,0,0,0,12,0,0,0
DIPFLUV,Non-Daphnid,NS,Summer,49.539549254687394,2534.70559588014,419.2217581562117,4.128295771223949,211.22546632334502,419.2217581562117,7.348420293600169,372.0412338526405,419.2217581562117,12,2.121306217314283,107.39905325723126,121.01889746081852
DIPFLUV,Non-Daphnid,OS,Spring,0,0,0,0,0,0,0,0,0,20,0,0,0
DIPFLUV,Non-Daphnid,OS,Summer,78.56289917523776,3595.5440198069678,565.3642384122231,3.928144958761888,179.77720099034838,565.3642384122231,17.274358220802828,791.3800461413075,565.3642384122231,20,3.8626639249397443,176.95795792088836,126.41928691371287
DIPSP,Non-Daphnid,NS,Spring,0,0,0,0,0,0,0,0,0,12,0,0,0
DIPSP,Non-Daphnid,NS,Summer,5.2497762053898755,2390.137990736764,46.87269416235765,0.43748135044915626,199.17816589473034,46.87269416235765,0.9018825819663561,388.2835864398031,46.87269416235765,12,0.2603510757378552,112.08781657646684,13.530981296140094
DIPSP,Non-Daphnid,OS,Spring,0,0,0,0,0,0,0,0,0,20,0,0,0
DIPSP,Non-Daphnid,OS,Summer,0.2755103461338784,11.9051937525336,5.510206922677568,0.013775517306693921,0.59525968762668,5.510206922677568,0.06160598624598485,2.662082251597094,5.510206922677568,20,0.01377551730669392,0.59525968762668,1.232119724919697
DIYNANU,Cyclopoids,NS,Spring,0,0,0,0,0,0,0,0,0,12,0,0,0
DIYNANU,Cyclopoids,NS,Summer,0,0,0,0,0,0,0,0,0,12,0,0,0
DIYNANU,Cyclopoids,OS,Spring,0.14876701908096976,19.16078513998988,2.7357871945542893,0.007438350954048488,0.9580392569994941,2.7357871945542893,0.031659986704091564,3.894234303293537,2.7357871945542893,20,0.0070793882437088255,0.8707772622475881,0.6117406138996833
DIYNANU,Cyclopoids,OS,Summer,0,0,0,0,0,0,0,0,0,20,0,0,0
DIYTHOM,Cyclopoids,NS,Spring,495.09884124557794,8308.434017438378,6448.250825705335,41.25823677046483,692.3695014531982,6448.250825705335,38.88175270871777,567.6887249744575,6448.250825705335,12,11.224195196471333,163.87761908995924,1861.449675011601
DIYTHOM,Cyclopoids,NS,Summer,19.41482036468471,770.739415432482,179.6632488874915,1.6179016970570594,64.2282846193735,179.6632488874915,4.371746084570795,174.46833245504592,179.6632488874915,12,1.2620143893778204,50.364669353992944,51.86431255433798
DIYTHOM,Cyclopoids,OS,Spring,1259.3266591199558,24566.645838026758,23955.130312042955,62.96633295599779,1228.3322919013378,23955.130312042955,63.43526933258246,1147.292524176586,23955.130312042955,20,14.184557439866209,256.54240741361673,5356.529978759379
DIYTHOM,Cyclopoids,OS,Summer,18.36043823628211,634.8470836203121,228.00767936329933,0.9180219118141056,31.742354181015607,228.00767936329933,1.6810594807899566,52.79610512325376,228.00767936329933,20,0.3758963273266845,11.805568000282031,50.98406704483133
DREPOLYV,Veligers,NS,Spring,518.5903757607564,519404.08282933553,5148.658324727671,43.2158646467297,43283.6735691113,5148.658324727671,60.597091835843095,60425.542919957945,5148.658324727671,12,17.492873641766245,17443.351735383505,1486.2896348734644
DREPOLYV,Veligers,NS,Summer,1389.8986746407675,776343.7184415646,14467.946882964976,115.82488955339728,64695.30987013038,14467.946882964976,63.02966590967492,41999.1501862218,14467.946882964976,12,18.195097289941497,12124.11033287534,4176.536513750518
DREPOLYV,Veligers,OS,Spring,95.58666435398756,89459.09650679331,1299.87473184312,4.779333217699378,4472.954825339666,1299.87473184312,9.1831169778937909,8346.133523475513,1299.87473184312,20,2.053407380790295,1866.2521907781083,290.6608262635526
DREPOLYV,Veligers,OS,Summer,1044.8143830742733,446874.39197008783,11048.75118463501,52.24071915371366,22343.71959850439,11048.75118463501,64.70483246875523,30522.661608570117,11048.75118463501,20,14.468440387287222,6825.074621098585,2470.575871532521
ENCSP,Rotifers,NS,Spring,0.00949724884232054,7.351946742973249,0.07805140586496274,7.914374035267116e-4,0.6126622285811041,0.07805140586496274,0.0020872918890408243,1.882642039613061,0.07805140586496274,12,6.025492670075212e-4,0.5434719441791535,0.02253150009338249
ENCSP,Rotifers,NS,Summer,0,0,0,0,0,0,0,0,0,12,0,0,0
ENCSP,Rotifers,OS,Spring,0.2867629396830505,208.4440214350641,1.764288325908885,0.014338146984152525,10.422201071753205,1.764288325908885,0.05471138253088161,39.39645267022148,1.764288325908885,20,0.012233837048204577,8.809314624296833,0.39450686286415704
ENCSP,Rotifers,OS,Summer,0,0,0,0,0,0,0,0,0,20,0,0,0
EPICOPE,Calanoids,NS,Spring,0.3037878566993186,34.2059516092566,2.1265149968952306,0.02531565472494322,2.85049596743805,2.1265149968952306,0.08769600042094554,9.874407684745806,2.1265149968952306,12,0.025315654724943223,2.8504959674380506,0.6138720029466188
EPICOPE,Calanoids,NS,Summer,42.009753607918974,2640.731864630248,475.52295471821384,3.5008128006599146,220.06098871918732,475.52295471821384,6.17510683681502,479.06683351904934,475.52295471821384,12,1.7825997972549252,138.29468264602238,137.2716529562035
EPICOPE,Calanoids,OS,Spring,0,0,0,0,0,0,0,0,0,20,0,0,0
EPICOPE,Calanoids,OS,Summer,90.66901046901715,3616.785583789486,1739.0710249238841,4.533450523450858,180.8392791894743,1739.0710249238841,9.061297730199763,343.28607630210064,1739.0710249238841,20,2.0261677689091218,76.76110023406767,388.8681029430036
EPILACU,Calanoids,NS,Spring,0,0,0,0,0,0,0,0,0,12,0,0,0
EPILACU,Calanoids,NS,Summer,13.497296683944175,118.94103288046911,110.19659329938054,1.1247747236620147,9.911752740039091,110.19659329938054,3.43129648212951,30.268618188856895,110.19659329938054,12,0.9905299738134443,8.737797429667266,31.811016402588535
EPILACU,Calanoids,OS,Spring,0,0,0,0,0,0,0,0,0,20,0,0,0
EPILACU,Calanoids,OS,Summer,137.0700411824014,906.1188899466496,2500.4151493287018,6.85350205912007,45.305944497332476,2500.4151493287018,8.90834956634546,60.79614888509842,2500.4151493287018,20,1.991967519767922,13.594432167727811,559.1098245869265
EUBCORE,Non-Daphnid,NS,Spring,2.9669890050546655,161.2061718960683,28.95382275891944,0.24724908375455545,13.433847658005691,28.95382275891944,0.41881434759196345,24.027168368017495,28.95382275891944,12,0.1209012881613488,6.936046062569681,8.358248681965426
EUBCORE,Non-Daphnid,NS,Summer,57.345941052564115,6389.642447771456,412.87138360438087,4.7788284210470096,532.4702039809547,412.87138360438087,16.173647368752466,1820.258602329924,412.87138360438087,12,4.668929831063659,525.4633970249569,119.18570223234127
EUBCORE,Non-Daphnid,OS,Spring,1.1353964355145283,46.03059221007364,9.866734712149393,0.05676982177572641,2.301529610503682,9.866734712149393,0.19255545664126275,7.9362751889649195,9.866734712149393,20,0.04305670904883768,1.7746050810670548,2.206268953232286
EUBCORE,Non-Daphnid,OS,Summer,103.37317909744829,9128.774578601757,796.0413836174455,5.168658954872415,456.43872893008785,796.0413836174455,15.943540215352895,1416.8082844829198,796.0413836174455,20,3.565083972353071,316.8079635188669,178.00026466715954
EUCMENE,Rotifers,NS,Spring,0,0,0,0,0,0,0,0,0,12,0,0,0
EUCMENE,Rotifers,NS,Summer,0,0,0,0,0,0,0,0,0,12,0,0,0
EUCMENE,Rotifers,OS,Spring,0.007503743317404422,7.94142914949255,0.045022459904426534,3.751871658702211e-4,0.3970714574746275,0.045022459904426534,0.001677888014342607,1.7757575416763682,0.045022459904426534,20,3.751871658702211e-4,0.3970714574746275,0.01006732808605564
EUCMENE,Rotifers,OS,Summer,0,0,0,0,0,0,0,0,0,20,0,0,0
EUCSP,Rotifers,NS,Spring,0.001129173196035193,2.41984075654434,0.006775039176211159,9.40977663362661e-5,0.20165339637869498,0.006775039176211159,3.259642243463144e-4,0.6985478560934512,0.006775039176211159,12,9.40977663362661e-5,0.201653396378695,0.0019557853460778866
EUCSP,Rotifers,NS,Summer,0,0,0,0,0,0,0,0,0,12,0,0,0
EUCSP,Rotifers,OS,Spring,0.010624478209409854,11.244193382076,0.07437134746586897,5.312239104704927e-4,0.5622096691038,0.07437134746586897,0.0023757055501705676,2.5142780754475202,0.07437134746586897,20,5.312239104704926e-4,0.5622096691038,0.016629938851193973
EUCSP,Rotifers,OS,Summer,0,0,0,0,0,0,0,0,0,20,0,0,0
EURAFFI,Cyclopoids,NS,Spring,0,0,0,0,0,0,0,0,0,12,0,0,0
EURAFFI,Cyclopoids,NS,Summer,0,0,0,0,0,0,0,0,0,12,0,0,0
EURAFFI,Cyclopoids,OS,Spring,0,0,0,0,0,0,0,0,0,20,0,0,0
EURAFFI,Cyclopoids,OS,Summer,38.41180160379608,705.9434817172652,265.73068156601767,1.920590080189804,35.297174085863254,265.73068156601767,5.663500182437889,104.91056671344906,265.73068156601767,20,1.2663971398513578,23.45871587292988,59.41918676889657
EURCOPE,Calanoids,NS,Spring,7.799199113620223,264.0411918822464,93.86257240965291,0.6499332594683519,22.003432656853867,93.86257240965291,1.334305995995696,41.98750188980579,93.86257240965291,12,0.38518096298472343,12.120747759339649,27.095790723771927
EURCOPE,Calanoids,NS,Summer,11.322399815218107,858.4456486223925,80.74629226727068,0.9435333179348423,71.53713738519937,80.74629226727068,3.202069810934117,242.5706685074239,80.74629226727068,12,0.9243579336533934,70.02412038013433,23.30944678828646
EURCOPE,Calanoids,OS,Spring,1.8271432351658035,96.57512706039553,15.661034642052966,0.09135716175829017,4.828756353019776,15.661034642052966,0.3134276904997138,14.380324290766502,15.661034642052966,20,0.07008456219881251,3.215538265264535,3.501913805760952
EURCOPE,Calanoids,OS,Summer,57.85548956292966,3057.93097138221,395.962426461408,2.892774478146483,152.8965485691105,395.962426461408,7.119439341597783,421.6065777886653,395.962426461408,20,1.5919550329498988,94.27409676965085,88.53989021034697
EUYAGIL,Cyclopoids,NS,Spring,0.7182878644802625,23.2058627127591,10.056030102723675,0.05985732204002187,1.9338218927299249,10.056030102723675,0.20735184595666048,6.698955541994483,10.056030102723675,12,0.05985732204002187,1.933821892729925,2.902925843393247
EUYAGIL,Cyclopoids,NS,Summer,0.33420018738094653,19.0893483295577,4.010402248571358,0.02785001561507888,1.5907790274631417,4.010402248571358,0.09647528407380643,5.510620198362336,4.010402248571358,12,0.02785001561507888,1.590779027463142,1.157703408885677
EUYAGIL,Cyclopoids,OS,Spring,0,0,0,0,0,0,0,0,0,20,0,0,0
EUYAGIL,Cyclopoids,OS,Summer,0.33267910133904005,36.459655867134266,2.3287537093732804,0.016633955066952002,1.8229827933567133,2.3287537093732804,0.07438930852876348,8.152626895516127,2.3287537093732804,20,0.016633955066952,1.8229827933567133,0.5207251597013444
EUYPRIO,Cyclopoids,NS,Spring,0,0,0,0,0,0,0,0,0,12,0,0,0
EUYPRIO,Cyclopoids,NS,Summer,0,0,0,0,0,0,0,0,0,12,0,0,0
EUYPRIO,Cyclopoids,OS,Spring,0.20894966872104087,13.53831868790498,1.4424314557549582,0.010447483436052042,0.676915934395249,1.4424314557549582,0.0350654443218537,2.465853919052727,1.4424314557549582,20,0.007840871716489888,0.5513816985586161,0.32253747879520667
EUYPRIO,Cyclopoids,OS,Summer,0.42029969495779573,22.0967611315965,8.405993899155915,0.021014984747889785,1.104838056579825,8.405993899155915,0.0939818688848057,4.940985997282495,8.405993899155915,20,0.02101498474788979,1.104838056579825,1.8796373776961137
FILLONG,Rotifers,NS,Spring,0,0,0,0,0,0,0,0,0,12,0,0,0
FILLONG,Rotifers,NS,Summer,0,0,0,0,0,0,0,0,0,12,0,0,0
FILLONG,Rotifers,OS,Spring,0,0,0,0,0,0,0,0,0,20,0,0,0
FILLONG,Rotifers,OS,Summer,0.0341647517505994,119.633245814034,0.2391532622541958,0.00170823758752997,5.9816622907017,0.2391532622541958,0.00763947073487452,26.750807000912218,0.2391532622541958,20,0.00170823758752997,5.981662290701699,0.05347629514412164
FILTERM,Rotifers,NS,Spring,5.000412416507241,15316.03604939461,35.259122543465374,0.41670103470893677,1276.3363374495507,35.259122543465374,1.413732759200284,4334.108517129011,35.259122543465374,12,0.4081094945432382,1251.149359530742,10.17843194592987
FILTERM,Rotifers,NS,Summer,0,0,0,0,0,0,0,0,0,12,0,0,0
FILTERM,Rotifers,OS,Spring,0.006837553881220799,15.6417634488339,0.04102532328732479,3.4187769406103996e-4,0.782088172441695,0.04102532328732479,0.001528923527822723,3.4976046359564155,0.04102532328732479,20,3.4187769406103996e-4,0.7820881724416949,0.009173541166936337
FILTERM,Rotifers,OS,Summer,0,0,0,0,0,0,0,0,0,20,0,0,0
GASSTYL,Rotifers,NS,Spring,0,0,0,0,0,0,0,0,0,12,0,0,0
GASSTYL,Rotifers,NS,Summer,0.6019225394659811,3504.42382095928,8.35357571376115,0.050160211622165086,292.03531841327333,8.35357571376115,0.12148216387939706,711.7955607360177,8.35357571376115,12,0.035068880008754064,205.47767929946022,2.4114695935179604
GASSTYL,Rotifers,OS,Spring,0.0043922630398734374,11.244193382076,0.03074584127911406,2.1961315199367187e-4,0.5622096691038,0.03074584127911406,9.821398732216876e-4,2.5142780754475202,0.03074584127911406,20,2.1961315199367187e-4,0.5622096691038,0.006874979112551812
GASSTYL,Rotifers,OS,Summer,2.806333029742418,15056.34372933507,28.47252781518275,0.14031665148712089,752.8171864667536,28.47252781518275,0.28981041156262993,1533.2162928562273,28.47252781518275,20,0.06480357808412315,342.8375855036749,6.36665076860022
HARCOPE,Cyclopoids,NS,Spring,0.09816778161738095,35.5862348451561,0.8179182494666157,0.008180648468115078,2.965519570429675,0.8179182494666157,0.020297219650925076,7.125539663440761,0.8179182494666157,12,0.0058593026146312776,2.0569661214044395,0.23611266075232906
HARCOPE,Cyclopoids,NS,Summer,0.8121575165592487,248.16152828425,9.745890198710985,0.06767979304660406,20.680127357020833,9.745890198710985,0.23444968040493008,71.63806257871033,9.745890198710985,12,0.06767979304660406,20.680127357020833,2.8133961648591614
HARCOPE,Cyclopoids,OS,Spring,0.1749031053284217,33.38891197254649,1.2513887190800224,0.008745155266421084,1.6694455986273244,1.2513887190800224,0.028113531572940356,4.248573378409536,1.2513887190800224,20,0.006286376768468122,0.950009888151966,0.2798190242139318
HARCOPE,Cyclopoids,OS,Summer,0.03605458640886569,17.3617408891115,0.21632751845319415,0.0018027293204432846,0.8680870444555749,0.21632751845319415,0.008062050611086372,3.882203283579095,0.21632751845319415,20,0.0018027293204432846,0.8680870444555749,0.04837230366651822
HARSP,Cyclopoids,NS,Spring,1.9916810728929364,107.75751029837674,20.205398395852914,0.16597342274107801,8.97979252486473,20.205398395852914,0.2534733445496435,14.014169839439784,20.205398395852914,12,0.07317145185406572,4.045542364634847,5.832796101464656
HARSP,Cyclopoids,NS,Summer,3.8400982583051966,412.737878102166,39.62000499244492,0.3200081881920997,34.3948231751805,39.62000499244492,0.7539907750623198,80.3437795941402,39.62000499244492,12,0.21765838847436247,23.193251388194405,11.437310273841195
HARSP,Cyclopoids,OS,Spring,1.8349324544995373,106.5290824356696,14.711425827599898,0.09174662272497687,5.32645412178348,14.711425827599898,0.18656158895454863,10.867021275513073,14.711425827599898,20,0.04171643948927446,2.42993982849837,3.289574819645947
HARSP,Cyclopoids,OS,Summer,0.7755177079602226,93.27989877695387,8.990187781509317,0.03877588539801113,4.663994938847694,8.990187781509317,0.09585077419837934,11.671459948968964,8.990187781509317,20,0.02143288468035591,2.609817784256083,2.0102671009942856
HOLGIBB,Non-Daphnid,NS,Spring,0,0,0,0,0,0,0,0,0,12,0,0,0
HOLGIBB,Non-Daphnid,NS,Summer,5.540048375357563,586.348355243557,99.72087075643614,0.4616706979464636,48.86236293696308,99.72087075643614,1.599274210418119,169.26419036938097,99.72087075643614,12,0.46167069794646365,48.86236293696309,28.786935787526144
HOLGIBB,Non-Daphnid,OS,Spring,0.008894273241659924,2.96436141231202,0.08004845917493932,4.447136620829962e-4,0.148218070615601,0.08004845917493932,0.0019888199578809,0.6628513627806959,0.08004845917493932,20,4.4471366208299613e-4,0.148218070615601,0.017899379620928104
HOLGIBB,Non-Daphnid,OS,Summer,15.082870475140977,1000.2409908657561,295.68659428104263,0.7541435237570489,50.0120495432878,295.68659428104263,2.1731325451248145,149.5685772519952,295.68659428104263,20,0.48592720950162144,33.444550603338996,66.11753248478118
ILYSP,Non-Daphnid,NS,Spring,0,0,0,0,0,0,0,0,0,12,0,0,0
ILYSP,Non-Daphnid,NS,Summer,0,0,0,0,0,0,0,0,0,12,0,0,0
ILYSP,Non-Daphnid,OS,Spring,0.04087823258692226,11.0237190020353,0.28614762810845584,0.0020439116293461132,0.551185950101765,0.28614762810845584,0.009140650686440526,2.4649785053407074,0.28614762810845584,20,0.0020439116293461132,0.551185950101765,0.06398455480508368
ILYSP,Non-Daphnid,OS,Summer,0,0,0,0,0,0,0,0,0,20,0,0,0
KELLONG,Rotifers,NS,Spring,0.3314550124566911,6390.751730229256,4.552202930151146,0.02762125103805759,532.5626441857713,4.552202930151146,0.04776015762767829,885.4676498422385,4.552202930151146,12,0.01378716993143951,255.61249299756088,1.3141077935642838
KELLONG,Rotifers,NS,Summer,1.787149386915771,33966.20046883479,21.444981146267374,0.14892911557631427,2830.516705736233,21.444981146267374,0.16642091489490018,3328.1544236506493,21.444981146267374,12,0.048041580006677215,960.7554261996731,6.1906328187819595
KELLONG,Rotifers,OS,Spring,1.6631800175216278,31091.62751156366,31.91413206980302,0.0831590008760814,1554.581375578183,31.91413206980302,0.08766493297242535,1657.3243373424589,31.91413206980302,20,0.019602474936930576,370.5889879062531,7.136216875098562
KELLONG,Rotifers,OS,Summer,2.4716043306483106,31995.798300244354,48.08443124608242,0.12358021653241553,1599.7899150122178,48.08443124608242,0.1696060719221845,2266.9250421601078,48.08443124608242,20,0.037925070621472295,506.89984941665773,10.75200569256552
KERCOCH,Rotifers,NS,Spring,0.3666146996393137,16913.21917044009,4.118799683205104,0.03055122496994281,1409.4349308700075,4.118799683205104,0.034310084649693186,1715.5972853921926,4.118799683205104,12,0.009904468304209605,495.2502772710868,1.1889950529183062
KERCOCH,Rotifers,NS,Summer,10.794178864790238,712913.2124775825,123.86174636941958,0.8995149053991864,59409.43437313187,123.86174636941958,0.8967706734316225,63201.29028524651,123.86174636941958,12,0.25887539485355465,18244.640979659376,35.75580630434077
KERCOCH,Rotifers,OS,Spring,1.5658297778782762,61535.65165610627,30.16902920746863,0.07829148889391381,3076.7825828053137,30.16902920746863,0.09325280620912778,3662.6331040570767,30.16902920746863,20,0.020851961377622418,818.9896597312684,6.746000012307646
KERCOCH,Rotifers,OS,Summer,24.08647754118717,1708600.2929282333,444.7025903427116,1.2043238770593583,85430.01464641167,444.7025903427116,1.2326311104585888,89817.45426484765,444.7025903427116,20,0.27562469541664564,20083.793330217773,99.43852217765445
KERCOCHH,Rotifers,NS,Spring,0,0,0,0,0,0,0,0,0,12,0,0,0
KERCOCHH,Rotifers,NS,Summer,0.03664566161183127,2137.08480022343,0.3298109545064814,0.0030538051343192724,178.0904000186192,0.3298109545064814,0.01057869129811136,616.9232423450275,0.3298109545064814,12,0.003053805134319273,178.0904000186192,0.09520822168300223
KERCOCHH,Rotifers,OS,Spring,0,0,0,0,0,0,0,0,0,20,0,0,0
KERCOCHH,Rotifers,OS,Summer,0.19273800851344713,7302.358858455251,3.8169164915270253,0.009636900425672357,365.1179429227625,3.8169164915270253,0.03521886487591133,1300.3981653024675,3.8169164915270253,20,0.007875177595291744,290.77786954323255,0.8534884739494428
KERCOCHT,Rotifers,NS,Spring,0.15090823432942102,9759.298157733192,1.0613171679520164,0.012575686194118418,813.274846477766,1.0613171679520164,0.04227900762507681,2757.8148441362555,1.0613171679520164,12,0.012204898216704169,796.1125713186065,0.30637587630633395
KERCOCHT,Rotifers,NS,Summer,0,0,0,0,0,0,0,0,0,12,0,0,0
KERCOCHT,Rotifers,OS,Spring,0,0,0,0,0,0,0,0,0,20,0,0,0
KERCOCHT,Rotifers,OS,Summer,0.09359517908196915,2141.4217386568166,0.7295653525988884,0.004679758954098458,107.07108693284083,0.7295653525988884,0.017102036386657846,268.1887915912146,0.7295653525988884,20,0.003824131591424182,59.96883688014799,0.16313577224397174
KERCRAS,Rotifers,NS,Spring,0.0188122639193721,425.40532862893645,0.1956083020010786,0.0015676886599476747,35.45044405241137,0.1956083020010786,0.002499346759445609,54.452331652062924,0.1956083020010786,12,7.214992621820707e-4,15.719034168660656,0.05646725290802417
KERCRAS,Rotifers,NS,Summer,36.337500971224856,963915.221522147,331.4513017703456,3.0281250809354048,80326.26846017892,331.4513017703456,3.0497865218815314,79327.19188849775,331.4513017703456,12,0.8803975346895974,22899.78779544064,95.68174915018047
KERCRAS,Rotifers,OS,Spring,0.11049384399628093,2332.124271150122,1.2457884700842063,0.005524692199814046,116.60621355750608,1.2457884700842063,0.016945261205968978,340.616199622282,1.2457884700842063,20,0.00378907559530367,76.16409765930608,0.27856677046937484
KERCRAS,Rotifers,OS,Summer,22.164901422750468,625038.5040100816,400.8871801790074,1.1082450711375234,31251.92520050408,400.8871801790074,1.0069658692100147,26985.82620617254,400.8871801790074,20,0.22516441345757554,6034.214182599705,89.64109861884667
KEREARL,Rotifers,NS,Spring,0.05524556874048731,1631.1750910237688,0.7252855706928941,0.004603797395040609,135.93125758531406,0.7252855706928941,0.008090621803697937,239.88647579726975,0.7252855706928941,12,0.00233556133813823,69.24926068825218,0.2093719097394469
KEREARL,Rotifers,NS,Summer,5.928157791890444,263706.71298335545,64.92069360858356,0.4940131493242036,21975.55941527962,64.92069360858356,0.35756545449043503,15927.34090012882,64.92069360858356,12,0.10322025570148177,4597.827278082155,18.74098996544647
KEREARL,Rotifers,OS,Spring,0.20362765465978594,6028.033062141504,3.9208003475369924,0.010181382732989297,301.40165310707516,3.9208003475369924,0.013222201664334993,392.62771367723946,3.9208003475369924,20,0.00295657417336639,87.79422576326313,0.8767176103297515
KEREARL,Rotifers,OS,Summer,7.370305343817372,407288.4064858587,137.81165407929564,0.36851526719086863,20364.420324292936,137.81165407929564,0.41743881913283265,23583.43313582528,137.81165407929564,20,0.09334215760282535,5273.415963452635,30.815622661299123
KERHIEM,Rotifers,NS,Spring,0.19078258345740573,414.978905227883,2.842571287107337,0.015898548621450476,34.581575435656916,2.842571287107337,0.04535165388005451,91.49009006490422,2.842571287107337,12,0.013091894787922104,26.41091406357778,0.820579648901061
KERHIEM,Rotifers,NS,Summer,0,0,0,0,0,0,0,0,0,12,0,0,0
KERHIEM,Rotifers,OS,Spring,0.07989160752835414,167.0969344465484,0.7442678030471778,0.003994580376417707,8.35484672232742,0.7442678030471778,0.015922764918546845,32.457910890110846,0.7442678030471778,20,0.0035604384747619645,7.257809515791855,0.16642334010779145
KERHIEM,Rotifers,OS,Summer,0,0,0,0,0,0,0,0,0,20,0,0,0
KERQUAD,Rotifers,NS,Spring,9.802829434732612,15039.064615969444,84.23770168480209,0.8169024528943843,1253.2553846641204,84.23770168480209,2.017566709564578,3073.5251890692884,84.23770168480209,12,0.5824213414375684,887.2502976351246,24.31732987181794
KERQUAD,Rotifers,NS,Summer,0,0,0,0,0,0,0,0,0,12,0,0,0
KERQUAD,Rotifers,OS,Spring,4.189885965082326,6334.693777991948,80.80262990225616,0.2094942982541163,316.7346888995974,80.80262990225616,0.30202466620828305,451.0252889472737,80.80262990225616,20,0.06753476845234045,100.85232056575884,18.068017322220193
KERQUAD,Rotifers,OS,Summer,0,0,0,0,0,0,0,0,0,20,0,0,0
KERSP,Rotifers,NS,Spring,0.013807493214838837,748.8560197239935,0.13564489667802065,0.0011506244345699031,62.404668310332795,0.13564489667802065,0.0027541451584856607,146.74734311709062,0.13564489667802065,12,7.950532243195005e-4,42.36230902575733,0.0391573088056271
KERSP,Rotifers,NS,Summer,0.2918492618740511,9387.32560010903,1.4592463093702555,0.02432077182283759,782.2771333424192,1.4592463093702555,0.08424962495288849,2709.887481096807,1.4592463093702555,12,0.02432077182283759,782.2771333424192,0.42124812476444246
KERSP,Rotifers,OS,Spring,2.8840856476495494e-4,7.94142914949255,0.0017304513885897297,1.4420428238247747e-5,0.3970714574746275,0.0017304513885897297,6.449011561075899e-5,1.7757575416763682,0.0017304513885897297,20,1.4420428238247747e-5,0.3970714574746275,3.869406936645539e-4
KERSP,Rotifers,OS,Summer,0,0,0,0,0,0,0,0,0,20,0,0,0
KERTEST,Rotifers,NS,Spring,0.057383011497049025,140.221705705889,0.6312131264675392,0.004781917624754085,11.685142142157417,0.6312131264675392,0.016565048567366323,40.47851976776175,0.6312131264675392,12,0.004781917624754086,11.685142142157419,0.18221553424102954
KERTEST,Rotifers,NS,Summer,0,0,0,0,0,0,0,0,0,12,0,0,0
KERTEST,Rotifers,OS,Spring,0.4599828035674128,72.2950874086967,3.6798624285393022,0.02299914017837064,3.6147543704348353,3.6798624285393022,0.10285528172576677,16.165672988513492,3.6798624285393022,20,0.02299914017837064,3.6147543704348344,0.8228422538061342
KERTEST,Rotifers,OS,Summer,0,0,0,0,0,0,0,0,0,20,0,0,0
KERVALGT,Rotifers,NS,Spring,0,0,0,0,0,0,0,0,0,12,0,0,0
KERVALGT,Rotifers,NS,Summer,0,0,0,0,0,0,0,0,0,12,0,0,0
KERVALGT,Rotifers,OS,Spring,0.03032496156248954,72.2950874086967,0.2425996924999163,0.001516248078124477,3.6147543704348353,0.2425996924999163,0.006780867546879485,16.165672988513492,0.2425996924999163,20,0.001516248078124477,3.6147543704348344,0.05424694037503587
KERVALGT,Rotifers,OS,Summer,0.047837576192810684,164.393984043775,0.2870254571568641,0.0023918788096405344,8.21969920218875,0.2870254571568641,0.010696807224595027,36.75961234138966,0.2870254571568641,20,0.002391878809640534,8.219699202188748,0.06418084334757017
LEOASHL,Calanoids,NS,Spring,27.448736753816704,740.8876566975746,237.4432165954408,2.2873947294847254,61.74063805813122,237.4432165954408,3.901199803564091,104.6210135962618,237.4432165954408,12,1.1261793783751215,30.201485181346627,68.54395250931418
LEOASHL,Calanoids,NS,Summer,9.210195161903927,221.84439480658972,86.35247615258959,0.7675162634919939,18.487032900549142,86.35247615258959,2.3193046283278114,58.2882862596522,86.35247615258959,12,0.6695255757489035,16.826378881306084,24.92781267594417
LEOASHL,Calanoids,OS,Spring,61.77775373523023,1490.57752338683,688.0319241992403,3.0888876867615114,74.5288761693415,688.0319241992403,4.572210377545005,110.24304095200652,688.0319241992403,20,1.0223773211620608,24.65109336149797,153.84861531994838
LEOASHL,Calanoids,OS,Summer,2.078352931506269,47.4867075129213,39.41152195025309,0.10391764657531345,2.3743353756460652,39.41152195025309,0.3200967431115023,7.424404080824105,39.41152195025309,20,0.07157580769736067,1.660147221714954,8.8126842177491
LEOMINU,Calanoids,NS,Spring,73.89892120013177,1883.4985380944147,745.6420732886978,6.158243433344314,156.9582115078679,745.6420732886978,6.012072976466356,157.0708579829244,745.6420732886978,12,1.7355359756752626,45.34245106914344,215.24832586617018
LEOMINU,Calanoids,NS,Summer,31.974458502146586,961.3585060250264,424.2762940797403,2.664538208512216,80.11320883541887,424.2762940797403,3.811780913273809,119.17708860815257,424.2762940797403,12,1.1003663681852558,34.40346209457639,122.47801629885745
LEOMINU,Calanoids,OS,Spring,88.55664509512025,2169.791520563663,928.2126620498923,4.427832254756012,108.48957602818315,928.2126620498923,6.895775835784474,166.2421602612129,928.2126620498923,20,1.541942352641451,37.17287710704862,207.55466099195982
LEOMINU,Calanoids,OS,Summer,122.06594056046482,3129.373867970941,1719.1696530455386,6.103297028023241,156.46869339854706,1719.1696530455386,7.250210048394655,191.94097073426187,1719.1696530455386,20,1.6211962519362488,42.91930582291072,384.41802090645524
LEOSICI,Calanoids,NS,Spring,5.038591280454578,48.0717231665041,36.553613267721445,0.4198826067045482,4.005976930542008,36.553613267721445,1.1132504803609682,10.312095864725432,36.553613267721445,12,0.3213677322559426,2.9768456617042274,10.552119229986227
LEOSICI,Calanoids,NS,Summer,0,0,0,0,0,0,0,0,0,12,0,0,0
LEOSICI,Calanoids,OS,Spring,50.34205567924611,486.64519086399787,382.97922947298275,2.5171027839623052,24.332259543199893,382.97922947298275,4.476593485655927,44.336326303038035,382.97922947298275,20,1.0009967341559383,9.913903948620499,85.63675910720804
LEOSICI,Calanoids,OS,Summer,0,0,0,0,0,0,0,0,0,20,0,0,0
LEOSICO,Calanoids,NS,Spring,0,0,0,0,0,0,0,0,0,12,0,0,0
LEOSICO,Calanoids,NS,Summer,0,0,0,0,0,0,0,0,0,12,0,0,0
LEOSICO,Calanoids,OS,Spring,0,0,0,0,0,0,0,0,0,20,0,0,0
LEOSICO,Calanoids,OS,Summer,799.844630326444,14851.082184886089,4998.703015306648,39.9922315163222,742.5541092443044,4998.703015306648,139.19278092707637,2626.3497111244255,4998.703015306648,20,31.124452013017894,587.2696486761151,1117.7439741558835
LEPSP,Rotifers,NS,Spring,0,0,0,0,0,0,0,0,0,12,0,0,0
LEPSP,Rotifers,NS,Summer,0.5315989918318376,1259.515384501,3.1895939509910254,0.04429991598598646,104.95961537508333,3.1895939509910254,0.15345941051752254,363.5907731450636,3.1895939509910254,12,0.04429991598598647,104.95961537508333,0.9207564631051353
LEPSP,Rotifers,OS,Spring,0,0,0,0,0,0,0,0,0,20,0,0,0
LEPSP,Rotifers,OS,Summer,0,0,0,0,0,0,0,0,0,20,0,0,0
LETKIND,Predatory Cladocerans,NS,Spring,0,0,0,0,0,0,0,0,0,12,0,0,0
LETKIND,Predatory Cladocerans,NS,Summer,115.28568679143227,2009.4956067605756,940.92614172851,9.607140565952689,167.45796723004796,940.92614172851,14.619477881992829,269.3458798872108,940.92614172851,12,4.22027974529017,77.75345812899889,271.6219806072556
LETKIND,Predatory Cladocerans,OS,Spring,0.08354154681289888,6.837734656196461,0.5177954208313278,0.004177077340644944,0.34188673280982307,0.5177954208313278,0.016834844488129188,1.3365658631705135,0.5177954208313278,20,0.0037643856666094515,0.2988652126454951,0.11578257594169596
LETKIND,Predatory Cladocerans,OS,Summer,100.08302629058964,1294.3910199676088,1380.1830703165472,5.004151314529482,64.71955099838044,1380.1830703165472,6.9373738168691546,57.74555015742236,1380.1830703165472,20,1.5512439439846606,12.912297555012007,308.6183166622171
LIMCOPE,Calanoids,NS,Spring,14.010631608616906,124.6639739422291,133.5997578463511,1.1675526340514089,10.388664495185758,133.5997578463511,1.9607944124503234,16.145801341851616,133.5997578463511,12,0.5660325909268542,4.6608913755001256,38.56692807812982
LIMCOPE,Calanoids,NS,Summer,0,0,0,0,0,0,0,0,0,12,0,0,0
LIMCOPE,Calanoids,OS,Spring,14.467892800277369,171.39294258704768,129.74558206035928,0.7233946400138684,8.569647129352385,129.74558206035928,3.1272904608451637,35.53460059093126,129.74558206035928,20,0.699283405583643,7.945778247462649,29.011994126724055
LIMCOPE,Calanoids,OS,Summer,0,0,0,0,0,0,0,0,0,20,0,0,0
LIMMACR,Calanoids,NS,Spring,0,0,0,0,0,0,0,0,0,12,0,0,0
LIMMACR,Calanoids,NS,Summer,0,0,0,0,0,0,0,0,0,12,0,0,0
LIMMACR,Calanoids,OS,Spring,34.43705478942802,71.82346251781672,383.771186684941,1.7218527394714007,3.591173125890836,383.771186684941,4.356960496120197,9.036835020320842,383.771186684941,20,0.974245984460597,2.0206977406888096,85.81384612332901
LIMMACR,Calanoids,OS,Summer,0,0,0,0,0,0,0,0,0,20,0,0,0
MESCOPE,Cyclopoids,NS,Spring,33.42145364892538,1758.2824610436928,443.6893355566903,2.785121137410448,146.52353842030774,443.6893355566903,4.427737488187589,268.6618813056492,443.6893355566903,12,1.278177715353051,77.55600474640393,128.08207866011068
MESCOPE,Cyclopoids,NS,Summer,465.2385706186627,45505.34111902967,4238.122147424563,38.769880884888565,3792.111759919139,4238.122147424563,66.86998190020036,4889.419319549586,4238.122147424563,12,19.30370102539304,1411.4537801614554,1223.4404813370431
MESCOPE,Cyclopoids,OS,Spring,84.37357057752247,4591.274921196297,1622.504785863082,4.218678528876124,229.56374605981486,1622.504785863082,7.2423658648627,371.861048282797,1622.504785863082,20,1.6194422391757053,83.15065821446655,362.80309950085905
MESCOPE,Cyclopoids,OS,Summer,2427.086193879324,169364.36703966747,44523.2737435192,121.35430969396621,8468.218351983372,44523.2737435192,200.33026746624645,11195.278755685717,44523.2737435192,20,44.79520960052416,2503.3404324772523,9955.706667134047
MESEDAX,Cyclopoids,NS,Spring,35.96414249406075,294.9912672879833,398.444203181861,2.9970118745050627,24.582605607331942,398.444203181861,4.486356300801726,29.39328436136274,398.444203181861,12,1.2950995089742252,8.485110319199997,115.0209339820467
MESEDAX,Cyclopoids,NS,Summer,345.4281946225603,9322.423728199892,3245.834666971954,28.785682885213358,776.8686440166578,3245.834666971954,46.768651801685024,1207.1698647869323,3245.834666971954,12,13.500946853669364,348.47992319616975,936.9917593606385
MESEDAX,Cyclopoids,OS,Spring,82.66961311967646,734.9395265220157,1537.024544533566,4.133480655983823,36.746976326100786,1537.024544533566,7.511041680821993,64.63004193937208,1537.024544533566,20,1.6795199780152255,14.45171671650983,343.6891364662706
MESEDAX,Cyclopoids,OS,Summer,2117.246774259072,56082.13036253667,34796.332275783665,105.8623387129536,2804.106518126833,34796.332275783665,118.09275360236082,2914.797722335612,34796.332275783665,20,26.406342470501194,651.7685847803986,7780.6964336322235
MICRUBE,Cyclopoids,NS,Spring,0,0,0,0,0,0,0,0,0,12,0,0,0
MICRUBE,Cyclopoids,NS,Summer,0,0,0,0,0,0,0,0,0,12,0,0,0
MICRUBE,Cyclopoids,OS,Spring,0.10335586947307619,14.59442510838168,1.4365341090287906,0.005167793473653809,0.729721255419084,1.4365341090287906,0.013055309471065545,1.726834734913525,1.4365341090287906,20,0.002919255944459938,0.3861319853174471,0.321218791978547
MICRUBE,Cyclopoids,OS,Summer,0.1095495763704237,29.514959511489565,0.7071782748191102,0.005477478818521185,1.4757479755744782,0.7071782748191102,0.016933929306112018,4.620173885060581,0.7071782748191102,20,0.0037865417054642313,1.0331022874864757,0.15812986947065583
MONCOPE,Rotifers,NS,Spring,0,0,0,0,0,0,0,0,0,12,0,0,0
MONCOPE,Rotifers,NS,Summer,0.04358302092601118,1259.515384501,0.26149812555606705,0.0036319184105009315,104.95961537508333,0.26149812555606705,0.012581334431864823,363.5907731450636,0.26149812555606705,12,0.0036319184105009315,104.95961537508333,0.07548800659118894
MONCOPE,Rotifers,OS,Spring,0,0,0,0,0,0,0,0,0,20,0,0,0
MONCOPE,Rotifers,OS,Summer,0,0,0,0,0,0,0,0,0,20,0,0,0
MONSP,Rotifers,NS,Spring,0,0,0,0,0,0,0,0,0,12,0,0,0
MONSP,Rotifers,NS,Summer,0,0,0,0,0,0,0,0,0,12,0,0,0
MONSP,Rotifers,OS,Spring,0.0014727419747222513,7.94142914949255,0.008836451848333508,7.363709873611256e-5,0.3970714574746275,0.008836451848333508,3.293151168796231e-4,1.7757575416763682,0.008836451848333508,20,7.363709873611256e-5,0.3970714574746275,0.0019758907012777382
MONSP,Rotifers,OS,Summer,0,0,0,0,0,0,0,0,0,20,0,0,0
MYSDILU,Mysids,NS,Spring,0,0,0,0,0,0,0,0,0,12,0,0,0
MYSDILU,Mysids,NS,Summer,0,0,0,0,0,0,0,0,0,12,0,0,0
MYSDILU,Mysids,OS,Spring,0,0,0,0,0,0,0,0,0,20,0,0,0
MYSDILU,Mysids,OS,Summer,0,0,0,0,0,0,0,0,0,20,0,0,0
MYTSP,Rotifers,NS,Spring,9.906777361628665e-4,0.806613585514779,0.005944066416977199,8.25564780135722e-5,0.06721779879289826,0.005944066416977199,2.859840288269e-4,0.23284928536448343,0.005944066416977199,12,8.25564780135722e-5,0.06721779879289826,0.0017159041729614
MYTSP,Rotifers,NS,Summer,0,0,0,0,0,0,0,0,0,12,0,0,0
MYTSP,Rotifers,OS,Spring,0,0,0,0,0,0,0,0,0,20,0,0,0
MYTSP,Rotifers,OS,Summer,0,0,0,0,0,0,0,0,0,20,0,0,0
NOOSP,Rotifers,NS,Spring,0.004073064836575652,6.54533315745847,0.036657583529180866,3.394220697146377e-4,0.5454444297882058,0.036657583529180866,0.0011757925399118758,1.8894749301972154,0.036657583529180866,12,3.394220697146377e-4,0.5454444297882058,0.010582132859206884
NOOSP,Rotifers,NS,Summer,0,0,0,0,0,0,0,0,0,12,0,0,0
NOOSP,Rotifers,OS,Spring,0.008215558625029649,57.55686759470571,0.05471996459734761,4.107779312514825e-4,2.8778433797352854,0.05471996459734761,0.0013347890700474616,9.002467455278627,0.05471996459734761,20,2.9846790962498527e-4,2.0130129195232556,0.012235756056605117
NOOSP,Rotifers,OS,Summer,0,0,0,0,0,0,0,0,0,20,0,0,0
NOTACUM,Rotifers,NS,Spring,0.7349373676537845,2470.613438434829,5.217603894995186,0.061244780637815376,205.88445320290242,5.217603894995186,0.1956238372944949,654.385205924174,5.217603894995186,12,0.05647173756094209,188.90473739701528,1.5061925066501554
NOTACUM,Rotifers,NS,Summer,0,0,0,0,0,0,0,0,0,12,0,0,0
NOTACUM,Rotifers,OS,Spring,0.06004608308596693,159.218451003632,0.384907045290087,0.003002304154298346,7.9609225501816,0.384907045290087,0.008288393633948465,22.675001371128754,0.384907045290087,20,0.0018533411589785275,5.070284445574483,0.08606783182872248
NOTACUM,Rotifers,OS,Summer,0,0,0,0,0,0,0,0,0,20,0,0,0
NOTFOLI,Rotifers,NS,Spring,0,0,0,0,0,0,0,0,0,12,0,0,0
NOTFOLI,Rotifers,NS,Summer,0,0,0,0,0,0,0,0,0,12,0,0,0
NOTFOLI,Rotifers,OS,Spring,0,0,0,0,0,0,0,0,0,20,0,0,0
NOTFOLI,Rotifers,OS,Summer,0,0,0,0,0,0,0,0,0,20,0,0,0
NOTLAUR,Rotifers,NS,Spring,43.069254401833845,131767.21931875017,622.2032004743544,3.5891045334861538,10980.601609895848,622.2032004743544,5.3732259599147705,16717.732075076307,622.2032004743544,12,1.5511167271867392,4825.993556892674,179.6145926422576
NOTLAUR,Rotifers,NS,Summer,0,0,0,0,0,0,0,0,0,12,0,0,0
NOTLAUR,Rotifers,OS,Spring,192.4217772340396,589085.0770854388,3738.0348416176325,9.621088861701981,29454.253854271938,3738.0348416176325,9.729822512659982,29746.852705983136,3738.0348416176325,20,2.1756544547315526,6651.598476725186,835.8500008119686
NOTLAUR,Rotifers,OS,Summer,0,0,0,0,0,0,0,0,0,20,0,0,0
NOTSP,Rotifers,NS,Spring,0,0,0,0,0,0,0,0,0,12,0,0,0
NOTSP,Rotifers,NS,Summer,0,0,0,0,0,0,0,0,0,12,0,0,0
NOTSP,Rotifers,OS,Spring,0.7732696559021273,2088.000747748556,15.450432559248808,0.03866348279510636,104.4000373874278,15.450432559248808,0.17263766971817332,464.25134196779214,15.450432559248808,20,0.03860295649669925,103.80975592854841,3.4548217484256383
NOTSP,Rotifers,OS,Summer,0,0,0,0,0,0,0,0,0,20,0,0,0
NOTSQUA,Rotifers,NS,Spring,0.053719827923005364,565.3669286529857,0.3867625710044719,0.004476652326917113,47.11391072108215,0.3867625710044719,0.012471952124089268,132.41732167654868,0.3867625710044719,12,0.003600342458081532,38.22558815766233,0.11164873724095181
NOTSQUA,Rotifers,NS,Summer,0,0,0,0,0,0,0,0,0,12,0,0,0
NOTSQUA,Rotifers,OS,Spring,0.0063592838311481515,87.355720644418,0.03815570298688891,3.179641915574076e-4,4.3677860322209,0.03815570298688891,0.001421979093466256,19.533332958440038,0.03815570298688891,20,3.1796419155740753e-4,4.3677860322208995,0.008531874560797537
NOTSQUA,Rotifers,OS,Summer,0,0,0,0,0,0,0,0,0,20,0,0,0
PARCHIT,Cyclopoids,NS,Spring,0,0,0,0,0,0,0,0,0,12,0,0,0
PARCHIT,Cyclopoids,NS,Summer,0,0,0,0,0,0,0,0,0,12,0,0,0
PARCHIT,Cyclopoids,OS,Spring,0.2519492214841116,22.88762415503659,1.7388265672414613,0.01259746107420558,1.1443812077518294,1.7388265672414613,0.03930606444191048,3.7603442920982455,1.7388265672414613,20,0.008789103202009917,0.8408385455935001,0.3888134405434516
PARCHIT,Cyclopoids,OS,Summer,0.19548959836305752,12.153218622378068,1.3684271885414026,0.009774479918152876,0.6076609311189034,1.3684271885414026,0.04371280308339282,2.7175422985053705,1.3684271885414026,20,0.009774479918152876,0.6076609311189033,0.3059896215837497
PLOHUDS,Rotifers,NS,Spring,0,0,0,0,0,0,0,0,0,12,0,0,0
PLOHUDS,Rotifers,NS,Summer,23.778031476335684,4388.62391787068,128.90418634923054,1.9815026230279738,365.7186598225567,128.90418634923054,4.69634586657999,942.5640831695005,128.90418634923054,12,1.3557182751387717,272.09481357319197,37.21143334419897
PLOHUDS,Rotifers,OS,Spring,0,0,0,0,0,0,0,0,0,20,0,0,0
PLOHUDS,Rotifers,OS,Summer,20.54538294197679,3264.88956152399,410.9076588395358,1.0272691470988395,163.2444780761995,410.9076588395358,3.4246521889483863,505.9232371636038,410.9076588395358,20,0.7657755093782045,113.1278749694566,91.88174576404944
PLOLENT,Rotifers,NS,Spring,0,0,0,0,0,0,0,0,0,12,0,0,0
PLOLENT,Rotifers,NS,Summer,11.520251044888084,21733.56007796323,89.87793635098015,0.9600209204073403,1811.130006496936,89.87793635098015,1.7298296157855706,2950.6183066431927,89.87793635098015,12,0.4993587971629931,851.7701368081425,25.945525373223223
PLOLENT,Rotifers,OS,Spring,0,0,0,0,0,0,0,0,0,20,0,0,0
PLOLENT,Rotifers,OS,Summer,1.3724964610541388,2595.025090975141,17.46324322775918,0.06862482305270695,129.75125454875706,17.46324322775918,0.212889926407659,426.0735995467432,17.46324322775918,20,0.04760363471724531,95.27295320045413,3.9048998964882364
PLOTRUN,Rotifers,NS,Spring,0.009172255149314478,54.4296125725494,0.07337804119451583,7.643545957762065e-4,4.53580104771245,0.07337804119451583,0.0026478019897663227,15.712475735324219,0.07337804119451583,12,7.643545957762067e-4,4.535801047712451,0.02118241591813058
PLOTRUN,Rotifers,NS,Summer,3.2039586943487195,20669.64172105707,26.140412739178007,0.2669965578623933,1722.4701434214226,26.140412739178007,0.4166696711547144,2521.5505266950927,26.140412739178007,12,0.12028217340216361,727.9089376813272,7.546087165846173
PLOTRUN,Rotifers,OS,Spring,0,0,0,0,0,0,0,0,0,20,0,0,0
PLOTRUN,Rotifers,OS,Summer,4.606194438742743,21332.628428761727,56.7343102139628,0.23030972193713714,1066.6314214380864,56.7343102139628,0.3413725996871935,1834.5941095535661,56.7343102139628,20,0.07633323385563881,410.227714008247,12.686177429498146
POLDOLI,Rotifers,NS,Spring,2.8330441157875668,6025.681053894728,28.71493548421664,0.2360870096489639,502.14008782456074,28.71493548421664,0.4013580945703539,881.733603431019,28.71493548421664,12,0.11586210197081455,254.53456664721878,8.289287865787607
POLDOLI,Rotifers,NS,Summer,0,0,0,0,0,0,0,0,0,12,0,0,0
POLDOLI,Rotifers,OS,Spring,0.4296735381446294,1229.3138924835453,8.593470762892588,0.02148367690723147,61.46569462417727,8.593470762892588,0.09072167221868079,269.6322425105981,8.593470762892588,20,0.02028598261134244,60.29160231794058,1.9215584788484803
POLDOLI,Rotifers,OS,Summer,0,0,0,0,0,0,0,0,0,20,0,0,0
POLMAJO,Rotifers,NS,Spring,0,0,0,0,0,0,0,0,0,12,0,0,0
POLMAJO,Rotifers,NS,Summer,72.13907919909418,59159.24512846333,765.6358962258867,6.011589933257849,4929.937094038611,765.6358962258867,7.590304950342357,5657.491273109088,765.6358962258867,12,2.191132303155755,1633.1770547337453,221.02004539362804
POLMAJO,Rotifers,OS,Spring,0,0,0,0,0,0,0,0,0,20,0,0,0
POLMAJO,Rotifers,OS,Summer,126.19956399310875,88148.31443257007,2356.437914581366,6.309978199655437,4407.415721628504,2356.437914581366,9.700814412649796,6727.811977560363,2356.437914581366,20,2.169168046379464,1504.384492166226,526.9155361761777
POLREMA,Rotifers,NS,Spring,0.08877930364105957,247.354133223751,0.9765723400516553,0.007398275303421631,20.612844435312585,0.9765723400516553,0.025628377427816634,71.4049877009496,0.9765723400516553,12,0.007398275303421632,20.612844435312585,0.281912151705983
POLREMA,Rotifers,NS,Summer,8.142665082574634,38925.34488360677,88.08939376650912,0.6785554235478861,3243.778740300564,88.08939376650912,1.0935204232283529,5289.356407799503,88.08939376650912,12,0.31567215535762155,1526.9056729414576,25.429217601922492
POLREMA,Rotifers,OS,Spring,0.20994132090618473,719.6626659174975,4.198826418123694,0.010497066045309237,35.98313329587487,4.198826418123694,0.029680207842563817,98.91732751215991,4.198826418123694,20,0.0066366962322295065,22.118586846979973,0.9388861296646535
POLREMA,Rotifers,OS,Summer,10.648982095669005,46105.901657840994,169.57826800409555,0.5324491047834502,2305.29508289205,169.57826800409555,0.8317595220463296,3587.724977945579,169.57826800409555,20,0.1859870832228328,802.2396935260249,37.91885347638352
POLSP,Rotifers,NS,Spring,4.214773727409921,9905.156869875746,44.6794353581004,0.3512311439508268,825.4297391563122,44.6794353581004,0.5864359029102119,1209.5619661619783,44.6794353581004,12,0.16928946320383603,349.1704633825756,12.897842015619876
POLSP,Rotifers,NS,Summer,227.6742528181326,627361.891823879,2459.044609614459,18.97285440151105,52280.15765198992,2459.044609614459,16.376731057595734,46575.959959019005,2459.044609614459,12,4.727555042274501,13445.321510052427,709.8650336551032
POLSP,Rotifers,OS,Spring,2.9344776082764543,6568.489295089178,49.0424028389321,0.14672388041382273,328.42446475445894,49.0424028389321,0.260750316139897,565.6412627543889,49.0424028389321,20,0.05830554320433703,126.48123143976335,10.966214652778083
POLSP,Rotifers,OS,Summer,486.1213808294727,862632.4291387806,8622.116855092392,24.306069041473634,43131.62145693903,8622.116855092392,23.46911888360167,43923.77430759329,8622.116855092392,20,5.24785451957573,9821.654518013735,1927.9639397933292
POLVULG,Rotifers,NS,Spring,0.06923165869546113,109.5351953236134,0.6177209407514358,0.005769304891288428,9.12793294363445,0.6177209407514358,0.014936213131996149,24.018540843574126,0.6177209407514358,12,0.0043117133362158,6.9335555107897715,0.17832067571345517
POLVULG,Rotifers,NS,Summer,180.9076469263963,404205.0315409525,1968.870802037903,15.075637243866359,33683.75262841271,1968.870802037903,14.758843660767829,30952.2804775204,1968.870802037903,12,4.260511180235954,8935.1537328646,568.3640437780889
POLVULG,Rotifers,OS,Spring,0.5978524502987934,1278.8239287032127,11.346461832345758,0.02989262251493967,63.94119643516064,11.346461832345758,0.12306974316362776,269.3835694977494,11.346461832345758,20,0.02751923116873117,60.235997341850656,2.5371459961231935
POLVULG,Rotifers,OS,Summer,119.70471767827905,214196.11295129752,2219.7051581333117,5.985235883913953,10709.805647564875,2219.7051581333117,6.738783157263092,12263.699234786885,2219.7051581333117,20,1.5068377225270928,2742.2465144595626,496.3411623593005
POMSULC,Rotifers,NS,Spring,0,0,0,0,0,0,0,0,0,12,0,0,0
POMSULC,Rotifers,NS,Summer,0.3820696567405959,2584.87714424906,2.6744875971841715,0.03183913806171632,215.40642868742168,2.6744875971841715,0.11029400958418548,746.189757527153,2.6744875971841715,12,0.03183913806171633,215.4064286874217,0.7720580670892985
POMSULC,Rotifers,OS,Spring,5.025435633663255e-4,7.94142914949255,0.003015261380197953,2.5127178168316277e-5,0.3970714574746275,0.003015261380197953,1.123721569342077e-4,1.7757575416763682,0.003015261380197953,20,2.5127178168316277e-5,0.3970714574746275,6.742329416052461e-4
POMSULC,Rotifers,OS,Summer,0,0,0,0,0,0,0,0,0,20,0,0,0
PROSP,Rotifers,NS,Spring,0.016234422681126872,119.8829441471341,0.1426505475205695,0.0013528685567605727,9.990245345594507,0.1426505475205695,0.0037320270444334636,23.45025937873276,0.1426505475205695,12,0.0010773434093633118,6.7695067824389525,0.041179666005524154
PROSP,Rotifers,NS,Summer,0,0,0,0,0,0,0,0,0,12,0,0,0
PROSP,Rotifers,OS,Spring,0.0012714256657482509,7.94142914949255,0.007628553994489505,6.357128328741255e-5,0.3970714574746275,0.007628553994489505,2.842994216951015e-4,1.7757575416763682,0.007628553994489505,20,6.357128328741254e-5,0.3970714574746275,0.001705796530170609
PROSP,Rotifers,OS,Summer,0,0,0,0,0,0,0,0,0,20,0,0,0
ROTBDEL,Rotifers,NS,Spring,0,0,0,0,0,0,0,0,0,12,0,0,0
ROTBDEL,Rotifers,NS,Summer,2.419174755574013,2534.17913454339,15.629336129918133,0.2015978962978344,211.18159454528248,15.629336129918133,0.4725815758478622,493.2245191290191,15.629336129918133,12,0.1364225500149104,142.38165444503144,4.5118007109316896
ROTBDEL,Rotifers,OS,Spring,0.3125542945926457,75.31956008140631,2.18788006214852,0.015627714729632286,3.7659780040703152,2.18788006214852,0.06922640334221992,14.415694473521302,2.18788006214852,20,0.015479494371102237,3.223447278566167,0.4892248545580555
ROTBDEL,Rotifers,OS,Summer,0.05582855864803088,328.78796808755,0.3349713518881853,0.002791427932401544,16.4393984043775,0.3349713518881853,0.01248364522228308,73.51922468277932,0.3349713518881853,20,0.002791427932401544,16.439398404377496,0.07490187133369848
SENCALA,Calanoids,NS,Spring,0,0,0,0,0,0,0,0,0,12,0,0,0
SENCALA,Calanoids,NS,Summer,0,0,0,0,0,0,0,0,0,12,0,0,0
SENCALA,Calanoids,OS,Spring,1.477859644503923,2.56971828087985,9.88716599741108,0.07389298222519615,0.1284859140439925,9.88716599741108,0.2450393242976457,0.39662329835090915,9.88716599741108,20,0.05479245862901516,0.08868766565728131,2.210837527503568
SENCALA,Calanoids,OS,Summer,0,0,0,0,0,0,0,0,0,20,0,0,0
SENCOPE,Calanoids,NS,Spring,0,0,0,0,0,0,0,0,0,12,0,0,0
SENCOPE,Calanoids,NS,Summer,0,0,0,0,0,0,0,0,0,12,0,0,0
SENCOPE,Calanoids,OS,Spring,0,0,0,0,0,0,0,0,0,20,0,0,0
SENCOPE,Calanoids,OS,Summer,0,0,0,0,0,0,0,0,0,20,0,0,0
SIDCRYS,Non-Daphnid,NS,Spring,0,0,0,0,0,0,0,0,0,12,0,0,0
SIDCRYS,Non-Daphnid,NS,Summer,0,0,0,0,0,0,0,0,0,12,0,0,0
SIDCRYS,Non-Daphnid,OS,Spring,0,0,0,0,0,0,0,0,0,20,0,0,0
SIDCRYS,Non-Daphnid,OS,Summer,2.4164411628460742,20.834089066933867,16.91508813992252,0.1208220581423037,1.0417044533466933,16.91508813992252,0.5403326703752461,4.65864394029493,16.91508813992252,20,0.1208220581423037,1.0417044533466933,3.7823286926267228
SKIOREG,Calanoids,NS,Spring,696.5375173706574,8848.056015526703,9418.429109921733,58.04479311422145,737.3380012938919,9418.429109921733,83.55371473088803,1104.6915762982078,9418.429109921733,12,24.119879845835705,318.89698947364116,2718.86629097836
SKIOREG,Calanoids,NS,Summer,1351.9375512862155,20471.914160072567,13117.110660647399,112.66146260718462,1705.992846672714,13117.110660647399,150.11427861101953,2325.6389624219873,13117.110660647399,12,43.334259582639305,671.3541404961082,3786.583685457443
SKIOREG,Calanoids,OS,Spring,3012.9588522485105,37624.047162024894,58333.133461154466,150.64794261242554,1881.2023581012447,58333.133461154466,141.61988165979415,1804.3678141543494,58333.133461154466,20,31.667168235677543,403.4689088861832,13043.685175970897
SKIOREG,Calanoids,OS,Summer,2037.473828292269,26389.50648393172,38083.22663454077,101.87369141461345,1319.475324196586,38083.22663454077,90.9364175211421,1100.4275204512687,38083.22663454077,20,20.334001120757666,246.06307400405768,8515.66835573637
SKIPALL,Calanoids,NS,Spring,0,0,0,0,0,0,0,0,0,12,0,0,0
SKIPALL,Calanoids,NS,Summer,0,0,0,0,0,0,0,0,0,12,0,0,0
SKIPALL,Calanoids,OS,Spring,0,0,0,0,0,0,0,0,0,20,0,0,0
SKIPALL,Calanoids,OS,Summer,15.65243918093776,312.511336004008,109.56707426656432,0.782621959046888,15.6255668002004,109.56707426656432,3.499991802225796,69.87965910442394,109.56707426656432,20,0.7826219590468879,15.6255668002004,24.499942615580572
SKIREIG,Calanoids,NS,Spring,0,0,0,0,0,0,0,0,0,12,0,0,0
SKIREIG,Calanoids,NS,Summer,0,0,0,0,0,0,0,0,0,12,0,0,0
SKIREIG,Calanoids,OS,Spring,0,0,0,0,0,0,0,0,0,20,0,0,0
SKIREIG,Calanoids,OS,Summer,109.23123000767623,2278.162347971248,740.3339549685201,5.461561500383811,113.9081173985624,740.3339549685201,19.478857611612295,406.13029902643166,740.3339549685201,20,4.355604974360428,90.81349563454178,165.5437049360879
SYNSP,Rotifers,NS,Spring,61.568270536582716,123646.31908965413,776.2243050463898,5.130689211381893,10303.859924137845,776.2243050463898,4.4811758056701,10618.639425325144,776.2243050463898,12,1.2936040288448352,3065.3371653195227,224.07665573503166
SYNSP,Rotifers,NS,Summer,18.4939683327144,87756.19434716669,128.48275142604396,1.5411640277262,7313.016195597224,128.48275142604396,3.7434920273678767,12520.675646605569,128.48275142604396,12,1.0806530648550308,3614.4077275018585,37.08977556102513
SYNSP,Rotifers,OS,Spring,112.21560328674583,199326.637524512,2051.9961312552555,5.610780164337292,9966.331876225602,2051.9961312552555,6.498974208685155,10372.988816458896,2051.9961312552555,20,1.453214811463791,2319.470812344718,458.8402839053332
SYNSP,Rotifers,OS,Summer,9.710112913040348,28155.73240276248,133.46623530290594,0.48550564565201737,1407.7866201381241,133.46623530290594,0.6332641473948026,1856.0770463887457,133.46623530290594,20,0.1416021681288225,415.03144472022655,29.843957483827992
THECRAS,Cyclopoids,NS,Spring,0,0,0,0,0,0,0,0,0,12,0,0,0
THECRAS,Cyclopoids,NS,Summer,0,0,0,0,0,0,0,0,0,12,0,0,0
THECRAS,Cyclopoids,OS,Spring,0,0,0,0,0,0,0,0,0,20,0,0,0
THECRAS,Cyclopoids,OS,Summer,2.491806731504337,104.170445334669,17.44264712053036,0.12459033657521686,5.20852226673345,17.44264712053036,0.5571849238435265,23.293219701474573,17.44264712053036,20,0.12459033657521686,5.20852226673345,3.900294466904685
TRCPOCI,Rotifers,NS,Spring,7.843550836224987e-4,0.806613585514779,0.004706130501734992,6.536292363520822e-5,0.06721779879289826,0.004706130501734992,2.2642380933485053e-4,0.23284928536448343,0.004706130501734992,12,6.536292363520824e-5,0.06721779879289826,0.0013585428560091034
TRCPOCI,Rotifers,NS,Summer,0.3111341620428593,1259.515384501,1.8668049722571558,0.025927846836904942,104.95961537508333,1.8668049722571558,0.08981669610476674,363.5907731450636,1.8668049722571558,12,0.025927846836904946,104.95961537508333,0.5389001766286005
TRCPOCI,Rotifers,OS,Spring,0,0,0,0,0,0,0,0,0,20,0,0,0
TRCPOCI,Rotifers,OS,Summer,0,0,0,0,0,0,0,0,0,20,0,0,0
TRICAPU,Rotifers,NS,Spring,0,0,0,0,0,0,0,0,0,12,0,0,0
TRICAPU,Rotifers,NS,Summer,2.0620216355444763,3129.10853336968,10.31010817772238,0.17183513629537303,260.75904444747334,10.31010817772238,0.5952543731782179,903.2958270322699,10.31010817772238,12,0.17183513629537306,260.75904444747334,2.976271865891089
TRICAPU,Rotifers,OS,Spring,0,0,0,0,0,0,0,0,0,20,0,0,0
TRICAPU,Rotifers,OS,Summer,0,0,0,0,0,0,0,0,0,20,0,0,0
TRICYLI,Rotifers,NS,Spring,0,0,0,0,0,0,0,0,0,12,0,0,0
TRICYLI,Rotifers,NS,Summer,102.04830572375408,81264.15455844588,695.3250554954934,8.504025476979507,6772.01287987049,695.3250554954934,15.826694771400689,12688.230683261689,695.3250554954934,12,4.568773243325116,3662.776700260603,200.7230539823073
TRICYLI,Rotifers,OS,Spring,0,0,0,0,0,0,0,0,0,20,0,0,0
TRICYLI,Rotifers,OS,Summer,55.54718117463674,49890.29385634341,489.9711430623219,2.7773590587318373,2494.5146928171703,489.9711430623219,5.280824660809776,5071.784319875316,489.9711430623219,20,1.1808282918827928,1134.0854506458745,109.56087829006262
TRIELON,Rotifers,NS,Spring,0,0,0,0,0,0,0,0,0,12,0,0,0
TRIELON,Rotifers,NS,Summer,0.32989916570860683,861.625714749686,2.3092941599602477,0.027491597142383903,71.80214289580717,2.3092941599602477,0.09523368606364856,248.72991917571747,2.3092941599602477,12,0.027491597142383903,71.80214289580718,0.6666358024455399
TRIELON,Rotifers,OS,Spring,0,0,0,0,0,0,0,0,0,20,0,0,0
TRIELON,Rotifers,OS,Summer,0,0,0,0,0,0,0,0,0,20,0,0,0
TRIMULT,Rotifers,NS,Spring,0,0,0,0,0,0,0,0,0,12,0,0,0
TRIMULT,Rotifers,NS,Summer,84.10173928461383,116074.68148793434,823.9553657871616,7.008478273717819,9672.89012399453,823.9553657871616,6.606870406923791,9024.253821738237,823.9553657871616,12,1.9072392039692116,2605.0776866080405,237.85542611872717
TRIMULT,Rotifers,OS,Spring,0,0,0,0,0,0,0,0,0,20,0,0,0
TRIMULT,Rotifers,OS,Summer,87.92795490962288,120662.3843774424,1515.3385371550391,4.396397745481144,6033.11921887212,1515.3385371550391,5.108857897851999,7102.6088147870905,1515.3385371550391,20,1.1423753546983746,1588.1916127453146,338.83999780037584
TRIPUSI,Rotifers,NS,Spring,0.004404721548652094,54.4296125725494,0.03523777238921675,3.6706012905434116e-4,4.53580104771245,0.03523777238921675,0.0012715335859098157,15.712475735324219,0.03523777238921675,12,3.6706012905434116e-4,4.535801047712451,0.010172268687278527
TRIPUSI,Rotifers,NS,Summer,4.316772605670051,6701.86042715612,51.801271268040615,0.35973105047250425,558.4883689296767,51.801271268040615,1.2461449129570032,1934.660460844943,51.801271268040615,12,0.3597310504725043,558.4883689296767,14.953738955484038
TRIPUSI,Rotifers,OS,Spring,0,0,0,0,0,0,0,0,0,20,0,0,0
TRIPUSI,Rotifers,OS,Summer,0,0,0,0,0,0,0,0,0,20,0,0,0
TRISIMI,Rotifers,NS,Spring,0,0,0,0,0,0,0,0,0,12,0,0,0
TRISIMI,Rotifers,NS,Summer,1.0311626334123545,6701.86042715612,12.373951600948253,0.08593021945102954,558.4883689296767,12.373951600948253,0.2976710119894531,1934.660460844943,12.373951600948253,12,0.08593021945102955,558.4883689296767,3.5720521438734374
TRISIMI,Rotifers,OS,Spring,0,0,0,0,0,0,0,0,0,20,0,0,0
TRISIMI,Rotifers,OS,Summer,0.768875704094627,3615.902572247605,14.212583057713498,0.03844378520473135,180.79512861238024,14.212583057713498,0.117474006721978,549.571026572805,14.212583057713498,20,0.026267986461961004,122.8878173881135,3.1780301852909196
TRISP,Rotifers,NS,Spring,0,0,0,0,0,0,0,0,0,12,0,0,0
TRISP,Rotifers,NS,Summer,0,0,0,0,0,0,0,0,0,12,0,0,0
TRISP,Rotifers,OS,Spring,0,0,0,0,0,0,0,0,0,20,0,0,0
TRISP,Rotifers,OS,Summer,0.8757154103269029,2528.3910257515154,17.264308873463527,0.04378577051634515,126.41955128757576,17.264308873463527,0.19165427901826465,527.9488280744088,17.264308873463527,20,0.042855199606355136,118.05294682157273,3.860416822561726
TROCOPE,Cyclopoids,NS,Spring,0,0,0,0,0,0,0,0,0,12,0,0,0
TROCOPE,Cyclopoids,NS,Summer,0.011834714907457355,13.7348018677561,0.20119015342677504,9.86226242288113e-4,1.1445668223130083,0.20119015342677504,0.0034163879188014905,3.96489577780758,0.20119015342677504,12,9.86226242288113e-4,1.1445668223130085,0.05807859461962534
TROCOPE,Cyclopoids,OS,Spring,0,0,0,0,0,0,0,0,0,20,0,0,0
TROCOPE,Cyclopoids,OS,Summer,0.009916477711969029,14.881492190667,0.1983295542393806,4.958238855984514e-4,0.74407460953335,0.1983295542393806,0.002217391826132433,3.3276028144963674,0.1983295542393806,20,4.958238855984514e-4,0.74407460953335,0.044347836522648655
TROPRASM,Cyclopoids,NS,Spring,0.22357749029868526,43.72660649300464,2.1279247440778843,0.018631457524890437,3.643883874417053,2.1279247440778843,0.04054430423845083,7.606799869097033,2.1279247440778843,12,0.011704132483087836,2.1958939760473912,0.6142789619043161
TROPRASM,Cyclopoids,NS,Summer,0.27114564651306255,100.38736944098491,2.5518949815433234,0.022595470542755215,8.365614120082075,2.5518949815433234,0.06741312211070581,23.61426660653153,2.5518949815433234,12,0.01946049209876456,6.816851590998285,0.7366686272688464
TROPRASM,Cyclopoids,OS,Spring,0.182224684829465,41.24147538390237,3.269951486533402,0.00911123424147325,2.0620737691951185,3.269951486533402,0.01799635232190771,4.133982032017573,3.269951486533402,20,0.004024106713882181,0.9243864841354005,0.7311833807015174
TROPRASM,Cyclopoids,OS,Summer,0.36073990078836504,116.58279441807886,2.7423872104004614,0.018036995039418253,5.829139720903943,2.7423872104004614,0.060900234580319054,19.668785378692984,2.7423872104004614,20,0.013617706436727677,4.398074114161146,0.613216422308145
