Rot_GENERA,Type,Season,All_Bio_SUM_m3,All_Den_SUM_m3,All_Bio_SUM_m2,All_Bio_MEAN_m3,All_Den_MEAN_m3,All_Bio_MEAN_m2,All_Bio_SD_m3,All_Den_SD_m3,All_Bio_SD_m2,N,All_Bio_SE_m3,All_Den_SE_m3,All_Bio_SE_m2
Ascomorpha,NS,Spring,0,0,0,0,0,0,0,0,0,24,0,0,0
Ascomorpha,NS,Summer,11.786917435283888,82938.78889103325,154.60731094182438,0.49112155980349537,3455.7828704597187,154.60731094182438,1.27253093494122,9247.90515851376,154.60731094182438,24,0.2597542893760672,1887.7207356675915,31.559085192607355
Ascomorpha,OS,Spring,0,0,0,0,0,0,0,0,0,40,0,0,0
Ascomorpha,OS,Summer,9.43470701311632,70981.43987754974,162.95615411807464,0.235867675327908,1774.5359969387437,162.95615411807464,0.47076676535744055,3433.575428570437,162.95615411807464,40,0.07443476126197818,542.8959436135681,25.76563028772714
Asplanchna,NS,Spring,0.687502410393285,456.50770350788673,4.810806449210267,0.019097289177591247,12.680769541885743,4.810806449210267,0.11429087483079023,75.9464595242944,4.810806449210267,36,0.019048479138465038,12.657743254049066,0.8018010748683778
Asplanchna,NS,Summer,1279.8741700584471,63411.528871818766,12081.106403552356,35.55206027940131,1761.4313575505214,12081.106403552356,92.37190320182754,4770.99139472542,12081.106403552356,36,15.39531720030459,795.1652324542366,2013.5177339253926
Asplanchna,OS,Spring,0,0,0,0,0,0,0,0,0,60,0,0,0
Asplanchna,OS,Summer,2827.831816208048,170232.87529592917,53146.4358484046,47.13053027013413,2837.2145882654863,53146.4358484046,147.45965316212155,9447.210732995096,53146.4358484046,60,19.03695936448062,1219.629661233399,6861.175365038395
Brachionus,NS,Spring,12.669526635014755,9440.599473882727,89.2070241190955,0.11731043180569217,87.41295809150674,89.2070241190955,1.0100935113957539,629.5252981240701,89.2070241190955,108,0.0971962934518388,60.57610005560188,8.583949898127537
Brachionus,NS,Summer,9.98431429743227,19147.87526681235,96.93657594088916,0.09244735460585436,177.2951413593736,96.93657594088916,0.7532482304478301,1058.110060143307,96.93657594088916,108,0.07248134476927733,101.81668800933157,9.327726368965493
Brachionus,OS,Spring,0.16634252564561058,62.8081486454868,0.9980551538736636,9.241251424756143e-4,0.34893415914159337,0.9980551538736636,0.01138951148101885,2.7233118437366994,0.9980551538736636,180,8.489240634024151e-4,0.20298368021751814,0.07439063897851747
Brachionus,OS,Summer,19.82290711523831,62619.57936296833,132.00720652988693,0.11012726175132394,347.8865520164907,132.00720652988693,0.7094512493468312,2774.9833616562155,132.00720652988693,180,0.05287937400872226,206.83504776980604,9.83923624402271
Cephalodella,NS,Spring,0.027197761670028096,81.41755878789809,0.22653228095637967,0.002266480139169008,6.784796565658174,0.22653228095637967,0.005563154990699232,16.777403513762646,0.22653228095637967,12,0.001605944515711906,4.843219217486919,0.06539423669515287
Cephalodella,NS,Summer,0,0,0,0,0,0,0,0,0,12,0,0,0
Cephalodella,OS,Spring,0.045883535832116004,64.0753666993303,0.321184750824812,0.0022941767916058,3.203768334966515,0.321184750824812,0.010259870516865877,14.327687562292889,0.321184750824812,20,0.0022941767916058,3.203768334966515,0.07181909361806113
Cephalodella,OS,Summer,0,0,0,0,0,0,0,0,0,20,0,0,0
Collotheca,NS,Spring,0,0,0,0,0,0,0,0,0,36,0,0,0
Collotheca,NS,Summer,33.26485700305497,209882.85263014567,300.94356896609946,0.9240238056404159,5830.0792397262685,300.94356896609946,2.0544404953824733,11517.795927031575,300.94356896609946,36,0.3424067492304122,1919.6326545052625,50.15726149434991
Collotheca,OS,Spring,0,0,0,0,0,0,0,0,0,60,0,0,0
Collotheca,OS,Summer,32.883098768614296,316984.3808010849,554.4419871875552,0.5480516461435716,5283.073013351415,554.4419871875552,1.048837329617985,9976.889706479044,554.4419871875552,60,0.13540431701637048,1288.0109226713846,71.57815276051825
Colurella,NS,Spring,0,0,0,0,0,0,0,0,0,12,0,0,0
Colurella,NS,Summer,0,0,0,0,0,0,0,0,0,12,0,0,0
Colurella,OS,Spring,0.065284686311804,359.814188226433,1.30569372623608,0.0032642343155901998,17.99070941132165,1.30569372623608,0.014598099648294376,80.45689841432086,1.30569372623608,20,0.0032642343155901998,17.990709411321646,0.29196199296588754
Colurella,OS,Summer,0,0,0,0,0,0,0,0,0,20,0,0,0
Conochiloides,NS,Spring,0,0,0,0,0,0,0,0,0,12,0,0,0
Conochiloides,NS,Summer,0.9101566797378772,2584.87714424906,6.37109675816514,0.07584638997815643,215.40642868742168,6.37109675816514,0.2627396020256997,746.189757527153,6.37109675816514,12,0.07584638997815643,215.4064286874217,1.8391772141798979
Conochiloides,OS,Spring,0,0,0,0,0,0,0,0,0,20,0,0,0
Conochiloides,OS,Summer,46.29443007264553,167020.4837462654,363.1616102333175,2.3147215036322764,8351.02418731327,363.1616102333175,8.608990591155482,31163.61372457619,363.1616102333175,20,1.9250288179479758,6968.395871269777,81.20540472999812
Conochilus,NS,Spring,0.6753419363967146,2937.3371906678626,8.526084266624075,0.05627849469972621,244.77809922232188,8.526084266624075,0.09625498476956261,299.67582702727685,8.526084266624075,12,0.027786420683775154,86.50895970191101,2.4612685232344216
Conochilus,NS,Summer,616.3482395589308,3684096.0064734733,7310.057909580002,51.36235329657757,307008.00053945614,7310.057909580002,45.6630998765556,305354.3788383267,7310.057909580002,12,13.181801502881072,88148.21641026945,2110.231950943884
Conochilus,OS,Spring,0.8515016889891476,3048.90099710865,10.16520900241167,0.04257508444945738,152.4450498554325,10.16520900241167,0.0901820512816148,269.1406971502664,10.16520900241167,20,0.02016531970160627,60.18168943396796,2.2730098334885316
Conochilus,OS,Summer,1102.5789506291858,6258779.981465678,21112.179228078738,55.12894753145929,312938.99907328386,21112.179228078738,43.15987959098197,240899.70641797394,21112.179228078738,20,9.65084246661415,53866.811931033204,4720.826790714309
Encentrum,NS,Spring,0.00949724884232054,7.351946742973249,0.07805140586496274,7.914374035267116e-4,0.6126622285811041,0.07805140586496274,0.0020872918890408243,1.882642039613061,0.07805140586496274,12,6.025492670075212e-4,0.5434719441791535,0.02253150009338249
Encentrum,NS,Summer,0,0,0,0,0,0,0,0,0,12,0,0,0
Encentrum,OS,Spring,0.2867629396830505,208.4440214350641,1.764288325908885,0.014338146984152525,10.422201071753205,1.764288325908885,0.05471138253088161,39.39645267022148,1.764288325908885,20,0.012233837048204577,8.809314624296833,0.39450686286415704
Encentrum,OS,Summer,0,0,0,0,0,0,0,0,0,20,0,0,0
Euchlanis,NS,Spring,0.001129173196035193,2.41984075654434,0.006775039176211159,4.704888316813305e-5,0.10082669818934749,0.006775039176211159,2.3049151345949203e-4,0.4939479260270038,0.006775039176211159,24,4.7048883168133055e-5,0.1008266981893475,0.0013829490807569522
Euchlanis,NS,Summer,0,0,0,0,0,0,0,0,0,24,0,0,0
Euchlanis,OS,Spring,0.018128221526814276,19.18562253156855,0.11939380737029551,4.532055381703569e-4,0.4796405632892138,0.11939380737029551,0.0020316084987944834,2.150110187706166,0.11939380737029551,40,3.212255084973006e-4,0.33996227067418244,0.018877818490476612
Euchlanis,OS,Summer,0,0,0,0,0,0,0,0,0,40,0,0,0
Filinia,NS,Spring,5.000412416507241,15316.03604939461,35.259122543465374,0.20835051735446838,638.1681687247753,35.259122543465374,1.0005842200556703,3067.385727991079,35.259122543465374,24,0.20424339865142258,626.127489822805,7.197238250812797
Filinia,NS,Summer,0,0,0,0,0,0,0,0,0,24,0,0,0
Filinia,OS,Spring,0.006837553881220799,15.6417634488339,0.04102532328732479,1.7093884703051998e-4,0.3910440862208475,0.04102532328732479,0.0010811121944391065,2.4731799559942873,0.04102532328732479,40,1.7093884703051998e-4,0.39104408622084746,0.006486673166634638
Filinia,OS,Summer,0.0341647517505994,119.633245814034,0.2391532622541958,8.54118793764985e-4,2.99083114535085,0.2391532622541958,0.005401921561305951,18.9156770325576,0.2391532622541958,40,8.54118793764985e-4,2.9908311453508496,0.03781345092914165
Gastropus,NS,Spring,0,0,0,0,0,0,0,0,0,12,0,0,0
Gastropus,NS,Summer,0.6019225394659811,3504.42382095928,8.35357571376115,0.050160211622165086,292.03531841327333,8.35357571376115,0.12148216387939706,711.7955607360177,8.35357571376115,12,0.035068880008754064,205.47767929946022,2.4114695935179604
Gastropus,OS,Spring,0.0043922630398734374,11.244193382076,0.03074584127911406,2.1961315199367187e-4,0.5622096691038,0.03074584127911406,9.821398732216876e-4,2.5142780754475202,0.03074584127911406,20,2.1961315199367187e-4,0.5622096691038,0.006874979112551812
Gastropus,OS,Summer,2.806333029742418,15056.34372933507,28.47252781518275,0.14031665148712089,752.8171864667536,28.47252781518275,0.28981041156262993,1533.2162928562273,28.47252781518275,20,0.06480357808412315,342.8375855036749,6.36665076860022
Kellicottia,NS,Spring,0.3314550124566911,6390.751730229256,4.552202930151146,0.02762125103805759,532.5626441857713,4.552202930151146,0.04776015762767829,885.4676498422385,4.552202930151146,12,0.01378716993143951,255.61249299756088,1.3141077935642838
Kellicottia,NS,Summer,1.787149386915771,33966.20046883479,21.444981146267374,0.14892911557631427,2830.516705736233,21.444981146267374,0.16642091489490018,3328.1544236506493,21.444981146267374,12,0.048041580006677215,960.7554261996731,6.1906328187819595
Kellicottia,OS,Spring,1.6631800175216278,31091.62751156366,31.91413206980302,0.0831590008760814,1554.581375578183,31.91413206980302,0.08766493297242535,1657.3243373424589,31.91413206980302,20,0.019602474936930576,370.5889879062531,7.136216875098562
Kellicottia,OS,Summer,2.4716043306483106,31995.798300244354,48.08443124608242,0.12358021653241553,1599.7899150122178,48.08443124608242,0.1696060719221845,2266.9250421601078,48.08443124608242,20,0.037925070621472295,506.89984941665773,10.75200569256552
Keratella,NS,Spring,10.656383289530499,45072.2189944532,93.94814171890607,0.08880319407942083,375.60182495377666,93.94814171890607,0.6604925370458892,1463.7206363486232,93.94814171890607,120,0.06029444360064168,133.61880173565953,8.576252742522838
Keratella,NS,Summer,53.38833255139142,1952059.5573834174,522.0227990122255,0.44490277126159516,16267.162978195145,522.0227990122255,1.3333859291974657,41994.85336209149,522.0227990122255,120,0.12172092521357304,3833.588080923196,47.65394375849691
Keratella,OS,Spring,6.640325022839691,76550.13130580328,120.80670830282097,0.033201625114198455,382.7506565290164,120.80670830282097,0.12087130715797095,1466.614212778102,120.80670830282097,200,0.008546892094228334,103.7052855239966,8.54232426537499
Keratella,OS,Summer,53.95585507154323,2750535.3780053295,988.2349319022974,0.2697792753577162,13752.676890026647,988.2349319022974,0.6843929638844748,39702.59840236769,988.2349319022974,200,0.0483938905759072,2807.3976561040377,69.87876217535404
Lepadella,NS,Spring,0,0,0,0,0,0,0,0,0,12,0,0,0
Lepadella,NS,Summer,0.5315989918318376,1259.515384501,3.1895939509910254,0.04429991598598646,104.95961537508333,3.1895939509910254,0.15345941051752254,363.5907731450636,3.1895939509910254,12,0.04429991598598647,104.95961537508333,0.9207564631051353
Lepadella,OS,Spring,0,0,0,0,0,0,0,0,0,20,0,0,0
Lepadella,OS,Summer,0,0,0,0,0,0,0,0,0,20,0,0,0
Monostyla,NS,Spring,0,0,0,0,0,0,0,0,0,24,0,0,0
Monostyla,NS,Summer,0.04358302092601118,1259.515384501,0.26149812555606705,0.0018159592052504657,52.479807687541665,0.26149812555606705,0.008896346893147417,257.0975012677342,0.26149812555606705,24,0.0018159592052504662,52.47980768754167,0.05337808135888449
Monostyla,OS,Spring,0.0014727419747222513,7.94142914949255,0.008836451848333508,3.681854936805628e-5,0.19853572873731376,0.008836451848333508,2.3286095229282198e-4,1.2556501994625133,0.008836451848333508,40,3.681854936805628e-5,0.19853572873731376,0.0013971657137569317
Monostyla,OS,Summer,0,0,0,0,0,0,0,0,0,40,0,0,0
Mytilina,NS,Spring,9.906777361628665e-4,0.806613585514779,0.005944066416977199,8.25564780135722e-5,0.06721779879289826,0.005944066416977199,2.859840288269e-4,0.23284928536448343,0.005944066416977199,12,8.25564780135722e-5,0.06721779879289826,0.0017159041729614
Mytilina,NS,Summer,0,0,0,0,0,0,0,0,0,12,0,0,0
Mytilina,OS,Spring,0,0,0,0,0,0,0,0,0,20,0,0,0
Mytilina,OS,Summer,0,0,0,0,0,0,0,0,0,20,0,0,0
Notholca,NS,Spring,43.857911597410634,134803.199685838,627.807566940354,0.7309651932901773,2246.7199947639665,627.807566940354,2.7326540675778874,8461.042443790473,627.807566940354,60,0.3527841231558372,1092.3158825451535,81.04960837943297
Notholca,NS,Summer,0,0,0,0,0,0,0,0,0,60,0,0,0
Notholca,OS,Spring,193.26145225685886,591419.6520048354,3753.9083369251584,1.9326145225685887,5914.196520048354,3753.9083369251584,5.753456843755378,17601.150885954645,3753.9083369251584,100,0.5753456843755378,1760.1150885954644,375.39083369251586
Notholca,OS,Summer,0,0,0,0,0,0,0,0,0,100,0,0,0
Notomatta,NS,Spring,0.004073064836575652,6.54533315745847,0.036657583529180866,3.394220697146377e-4,0.5454444297882058,0.036657583529180866,0.0011757925399118758,1.8894749301972154,0.036657583529180866,12,3.394220697146377e-4,0.5454444297882058,0.010582132859206884
Notomatta,NS,Summer,0,0,0,0,0,0,0,0,0,12,0,0,0
Notomatta,OS,Spring,0.008215558625029649,57.55686759470571,0.05471996459734761,4.107779312514825e-4,2.8778433797352854,0.05471996459734761,0.0013347890700474616,9.002467455278627,0.05471996459734761,20,2.9846790962498527e-4,2.0130129195232556,0.012235756056605117
Notomatta,OS,Summer,0,0,0,0,0,0,0,0,0,20,0,0,0
Ploesoma,NS,Spring,0.009172255149314478,54.4296125725494,0.07337804119451583,2.547848652587355e-4,1.5119336825708167,0.07337804119451583,0.001528709191552413,9.0716020954249,0.07337804119451583,36,2.547848652587355e-4,1.5119336825708167,0.012229673532419305
Ploesoma,NS,Summer,38.50224121557249,46791.82571689098,244.9225354393887,1.0695067004325691,1299.772936580305,244.9225354393887,2.904628963160151,2337.4718577023264,244.9225354393887,36,0.4841048271933585,389.57864295038775,40.82042257323145
Ploesoma,OS,Spring,0,0,0,0,0,0,0,0,0,60,0,0,0
Ploesoma,OS,Summer,26.524073841773674,27192.543081260857,485.1052122812578,0.44206789736289454,453.20905135434765,485.1052122812578,2.001893742905793,1190.080805700333,485.1052122812578,60,0.2584433709050322,153.63877137061647,62.62681361079084
Polyarthra,NS,Spring,7.205828805534009,16287.727252317838,74.98866412312013,0.12009714675890015,271.462120871964,74.98866412312013,0.34072429535782756,730.6163295912096,74.98866412312013,60,0.04398731738563744,94.32216256579812,9.680994910106195
Polyarthra,NS,Summer,488.86364402619773,1129651.5133769016,5281.640701644758,8.14772740043663,18827.52522294836,5281.640701644758,12.686653163622,32055.01770190555,5281.640701644758,60,1.6378398807272547,4138.284990728805,681.8568826040469
Polyarthra,OS,Spring,4.171944917626062,9796.289782193435,73.18116185229414,0.04171944917626062,97.96289782193433,73.18116185229414,0.1434963518720897,324.2065121426082,73.18116185229414,100,0.01434963518720897,32.420651214260815,7.318116185229414
Polyarthra,OS,Summer,742.6746445965296,1211082.758180489,13367.838195811164,7.426746445965295,12110.827581804891,13367.838195811164,14.546216832587339,25809.54173224004,13367.838195811164,100,1.454621683258734,2580.954173224004,1336.7838195811164
Pompholyx,NS,Spring,0,0,0,0,0,0,0,0,0,12,0,0,0
Pompholyx,NS,Summer,0.3820696567405959,2584.87714424906,2.6744875971841715,0.03183913806171632,215.40642868742168,2.6744875971841715,0.11029400958418548,746.189757527153,2.6744875971841715,12,0.03183913806171633,215.4064286874217,0.7720580670892985
Pompholyx,OS,Spring,5.025435633663255e-4,7.94142914949255,0.003015261380197953,2.5127178168316277e-5,0.3970714574746275,0.003015261380197953,1.123721569342077e-4,1.7757575416763682,0.003015261380197953,20,2.5127178168316277e-5,0.3970714574746275,6.742329416052461e-4
Pompholyx,OS,Summer,0,0,0,0,0,0,0,0,0,20,0,0,0
Proales,NS,Spring,0.016234422681126872,119.8829441471341,0.1426505475205695,0.0013528685567605727,9.990245345594507,0.1426505475205695,0.0037320270444334636,23.45025937873276,0.1426505475205695,12,0.0010773434093633118,6.7695067824389525,0.041179666005524154
Proales,NS,Summer,0,0,0,0,0,0,0,0,0,12,0,0,0
Proales,OS,Spring,0.0012714256657482509,7.94142914949255,0.007628553994489505,6.357128328741255e-5,0.3970714574746275,0.007628553994489505,2.842994216951015e-4,1.7757575416763682,0.007628553994489505,20,6.357128328741254e-5,0.3970714574746275,0.001705796530170609
Proales,OS,Summer,0,0,0,0,0,0,0,0,0,20,0,0,0
Rotifer Bdelloid,NS,Spring,0,0,0,0,0,0,0,0,0,12,0,0,0
Rotifer Bdelloid,NS,Summer,2.419174755574013,2534.17913454339,15.629336129918133,0.2015978962978344,211.18159454528248,15.629336129918133,0.4725815758478622,493.2245191290191,15.629336129918133,12,0.1364225500149104,142.38165444503144,4.5118007109316896
Rotifer Bdelloid,OS,Spring,0.3125542945926457,75.31956008140631,2.18788006214852,0.015627714729632286,3.7659780040703152,2.18788006214852,0.06922640334221992,14.415694473521302,2.18788006214852,20,0.015479494371102237,3.223447278566167,0.4892248545580555
Rotifer Bdelloid,OS,Summer,0.05582855864803088,328.78796808755,0.3349713518881853,0.002791427932401544,16.4393984043775,0.3349713518881853,0.01248364522228308,73.51922468277932,0.3349713518881853,20,0.002791427932401544,16.439398404377496,0.07490187133369848
Synchaeta,NS,Spring,61.568270536582716,123646.31908965413,776.2243050463898,5.130689211381893,10303.859924137845,776.2243050463898,4.4811758056701,10618.639425325144,776.2243050463898,12,1.2936040288448352,3065.3371653195227,224.07665573503166
Synchaeta,NS,Summer,18.4939683327144,87756.19434716669,128.48275142604396,1.5411640277262,7313.016195597224,128.48275142604396,3.7434920273678767,12520.675646605569,128.48275142604396,12,1.0806530648550308,3614.4077275018585,37.08977556102513
Synchaeta,OS,Spring,112.21560328674583,199326.637524512,2051.9961312552555,5.610780164337292,9966.331876225602,2051.9961312552555,6.498974208685155,10372.988816458896,2051.9961312552555,20,1.453214811463791,2319.470812344718,458.8402839053332
Synchaeta,OS,Summer,9.710112913040348,28155.73240276248,133.46623530290594,0.48550564565201737,1407.7866201381241,133.46623530290594,0.6332641473948026,1856.0770463887457,133.46623530290594,20,0.1416021681288225,415.03144472022655,29.843957483827992
Trichocerca,NS,Spring,0.004404721548652094,54.4296125725494,0.03523777238921675,5.2437161293477306e-5,0.6479715782446357,0.03523777238921675,4.805945217119365e-4,5.938757610972088,0.03523777238921675,84,5.243716129347731e-5,0.6479715782446357,0.003844756173695492
Trichocerca,NS,Summer,193.8899010487034,214733.29114881184,1596.0750464893265,2.3082131077226595,2556.348704152522,1596.0750464893265,7.171942508472312,6847.074707766862,1596.0750464893265,84,0.7825230815463294,747.0770985085544,174.14606465160716
Trichocerca,OS,Spring,0,0,0,0,0,0,0,0,0,140,0,0,0
Trichocerca,OS,Summer,145.11972719868115,176696.97183178493,2036.7865721485382,1.0365694799905798,1262.1212273698923,2036.7865721485382,3.1930739734705007,3876.370326554197,2036.7865721485382,140,0.2698640054341484,327.6130874390649,172.13988374252477
Trichotria,NS,Spring,7.843550836224987e-4,0.806613585514779,0.004706130501734992,6.536292363520822e-5,0.06721779879289826,0.004706130501734992,2.2642380933485053e-4,0.23284928536448343,0.004706130501734992,12,6.536292363520824e-5,0.06721779879289826,0.0013585428560091034
Trichotria,NS,Summer,0.3111341620428593,1259.515384501,1.8668049722571558,0.025927846836904942,104.95961537508333,1.8668049722571558,0.08981669610476674,363.5907731450636,1.8668049722571558,12,0.025927846836904946,104.95961537508333,0.5389001766286005
Trichotria,OS,Spring,0,0,0,0,0,0,0,0,0,20,0,0,0
Trichotria,OS,Summer,0,0,0,0,0,0,0,0,0,20,0,0,0
